fips,state,county,year,obesity_pct,inactivity_pct
NA,NA,NA,2023,39.30000000000001,27.8
NA,NA,NA,2023,37.30000000000001,26.4
NA,NA,NA,2023,32.6,23.2
NA,NA,NA,2023,46.4,35.7
NA,NA,NA,2023,38.4,31.6
NA,NA,NA,2023,32.7,28.5
NA,NA,NA,2023,48.3,39.6
NA,NA,NA,2023,45.4,32.30000000000001
NA,NA,NA,2023,37.4,28.1
NA,NA,NA,2023,41.2,32.2
NA,NA,NA,2023,41.3,28.6
NA,NA,NA,2023,37.5,30.8
NA,NA,NA,2023,41.4,30.7
NA,NA,NA,2023,40.6,32
NA,NA,NA,2023,38.6,30.8
NA,NA,NA,2023,38.30000000000001,28.7
NA,NA,NA,2023,43.6,30.2
NA,NA,NA,2023,37,29.1
NA,NA,NA,2023,42.8,35
NA,NA,NA,2023,41.5,30
NA,NA,NA,2023,44.8,28.2
NA,NA,NA,2023,40.4,30.7
NA,NA,NA,2023,38,28.9
NA,NA,NA,2023,39.2,29.4
NA,NA,NA,2023,47.5,34.6
NA,NA,NA,2023,42.1,31.6
NA,NA,NA,2023,37.1,24.9
NA,NA,NA,2023,43.6,33.6
NA,NA,NA,2023,41.1,29.3
NA,NA,NA,2023,39.4,31.6
NA,NA,NA,2023,38.4,31.9
NA,NA,NA,2023,38,31.9
NA,NA,NA,2023,49.1,40.7
NA,NA,NA,2023,47.3,36.1
NA,NA,NA,2023,42.1,29.2
NA,NA,NA,2023,39.1,32
NA,NA,NA,2023,40.1,28.6
NA,NA,NA,2023,38.9,24.8
NA,NA,NA,2023,39.2,28.7
NA,NA,NA,2023,39.4,26.3
NA,NA,NA,2023,38.6,29.7
NA,NA,NA,2023,36.80000000000001,24.7
NA,NA,NA,2023,34.9,26.3
NA,NA,NA,2023,48.8,37.4
NA,NA,NA,2023,47.3,35.30000000000001
NA,NA,NA,2023,35.30000000000001,22.5
NA,NA,NA,2023,43.5,31.8
NA,NA,NA,2023,37.9,29.6
NA,NA,NA,2023,39.7,29.9
NA,NA,NA,2023,39.4,27.8
NA,NA,NA,2023,43.9,32.1
NA,NA,NA,2023,49,31
NA,NA,NA,2023,40.1,28
NA,NA,NA,2023,50.9,41.2
NA,NA,NA,2023,42.3,33.5
NA,NA,NA,2023,38.7,29.9
NA,NA,NA,2023,42.8,29.7
NA,NA,NA,2023,41.9,32.9
NA,NA,NA,2023,38.30000000000001,26.2
NA,NA,NA,2023,33.1,20.7
NA,NA,NA,2023,47.7,36.1
NA,NA,NA,2023,41.9,31.9
NA,NA,NA,2023,40.30000000000001,30.6
NA,NA,NA,2023,41.6,29
NA,NA,NA,2023,36.4,29.8
NA,NA,NA,2023,42.7,29.7
NA,NA,NA,2023,51.3,38.5
NA,NA,NA,2023,40.1,31.5
NA,NA,NA,2023,31.8,21.1
NA,NA,NA,2023,29.3,27.6
NA,NA,NA,2023,29.5,25.6
NA,NA,NA,2023,28.5,19.5
NA,NA,NA,2023,37.5,34.4
NA,NA,NA,2023,36.1,21.3
NA,NA,NA,2023,30.8,19.6
NA,NA,NA,2023,38.80000000000001,28.8
NA,NA,NA,2023,31.2,21
NA,NA,NA,2023,31.3,21
NA,NA,NA,2023,35.80000000000001,23.3
NA,NA,NA,2023,27.2,17.5
NA,NA,NA,2023,31.8,22.7
NA,NA,NA,2023,34.1,21.1
NA,NA,NA,2023,30,22.1
NA,NA,NA,2023,43,40.4
NA,NA,NA,2023,36.80000000000001,25.6
NA,NA,NA,2023,34,22.6
NA,NA,NA,2023,34.7,29.6
NA,NA,NA,2023,37.7,27
NA,NA,NA,2023,41.9,31.9
NA,NA,NA,2023,31.3,21.1
NA,NA,NA,2023,34.2,25.8
NA,NA,NA,2023,31.2,18.5
NA,NA,NA,2023,30.7,20.1
NA,NA,NA,2023,32.7,21
NA,NA,NA,2023,33.1,22.1
NA,NA,NA,2023,34.1,24
NA,NA,NA,2023,36.80000000000001,28.1
NA,NA,NA,2023,31.5,21.6
NA,NA,NA,2023,36.1,26.5
NA,NA,NA,2023,31,23.8
NA,NA,NA,2023,27.9,18.9
NA,NA,NA,2023,32.30000000000001,26.7
NA,NA,NA,2023,33.2,25
NA,NA,NA,2023,32.6,24.1
NA,NA,NA,2023,35.80000000000001,29.7
NA,NA,NA,2023,30.6,21.5
NA,NA,NA,2023,35.7,28.7
NA,NA,NA,2023,34.4,27.1
NA,NA,NA,2023,29.3,22.7
NA,NA,NA,2023,37,25
NA,NA,NA,2023,34.80000000000001,28.7
NA,NA,NA,2023,27.8,21.2
NA,NA,NA,2023,40.5,29.4
NA,NA,NA,2023,37.2,28.8
NA,NA,NA,2023,38.2,33.1
NA,NA,NA,2023,39.6,35.80000000000001
NA,NA,NA,2023,33.4,27
NA,NA,NA,2023,29.5,24.2
NA,NA,NA,2023,37.4,28.5
NA,NA,NA,2023,42.8,33
NA,NA,NA,2023,37.30000000000001,30.2
NA,NA,NA,2023,35.2,28.6
NA,NA,NA,2023,47.5,38.5
NA,NA,NA,2023,39.30000000000001,29.8
NA,NA,NA,2023,39.1,30.6
NA,NA,NA,2023,36.7,28.7
NA,NA,NA,2023,37.30000000000001,32
NA,NA,NA,2023,40.30000000000001,32.5
NA,NA,NA,2023,38.6,30.6
NA,NA,NA,2023,40.30000000000001,28.5
NA,NA,NA,2023,35.9,30.6
NA,NA,NA,2023,46.6,34
NA,NA,NA,2023,40.5,33.30000000000001
NA,NA,NA,2023,40.2,33.6
NA,NA,NA,2023,45.1,38.1
NA,NA,NA,2023,42.8,34.6
NA,NA,NA,2023,36.2,26.8
NA,NA,NA,2023,36.2,32.6
NA,NA,NA,2023,38,31.8
NA,NA,NA,2023,30.9,28.2
NA,NA,NA,2023,36.7,26.6
NA,NA,NA,2023,39.7,28.7
NA,NA,NA,2023,41.7,34.5
NA,NA,NA,2023,36.30000000000001,31
NA,NA,NA,2023,41.7,33.6
NA,NA,NA,2023,36.6,29.2
NA,NA,NA,2023,37.6,30.1
NA,NA,NA,2023,39,33.7
NA,NA,NA,2023,44.2,33.7
NA,NA,NA,2023,40.2,33
NA,NA,NA,2023,41.3,36.30000000000001
NA,NA,NA,2023,38.30000000000001,29.7
NA,NA,NA,2023,45.1,38.5
NA,NA,NA,2023,39.7,34.7
NA,NA,NA,2023,36.80000000000001,29.6
NA,NA,NA,2023,40.6,31.3
NA,NA,NA,2023,36.6,28
NA,NA,NA,2023,35.2,31.9
NA,NA,NA,2023,36.5,29.5
NA,NA,NA,2023,39.80000000000001,30.5
NA,NA,NA,2023,42.5,34.7
NA,NA,NA,2023,42.1,37.30000000000001
NA,NA,NA,2023,36.9,30.4
NA,NA,NA,2023,41.7,32.4
NA,NA,NA,2023,33.9,27.7
NA,NA,NA,2023,40.4,36.4
NA,NA,NA,2023,37.1,28.7
NA,NA,NA,2023,47.9,38.1
NA,NA,NA,2023,36.2,29.7
NA,NA,NA,2023,41.4,33.5
NA,NA,NA,2023,36.1,30.9
NA,NA,NA,2023,41.7,29.8
NA,NA,NA,2023,36.7,29.7
NA,NA,NA,2023,36,27.4
NA,NA,NA,2023,35.9,31.2
NA,NA,NA,2023,47.1,37.7
NA,NA,NA,2023,38.6,27
NA,NA,NA,2023,37.4,32.7
NA,NA,NA,2023,39,34
NA,NA,NA,2023,36.30000000000001,29.2
NA,NA,NA,2023,40.5,34.30000000000001
NA,NA,NA,2023,40,30.6
NA,NA,NA,2023,36.80000000000001,33.2
NA,NA,NA,2023,43.4,30.6
NA,NA,NA,2023,37.9,30.7
NA,NA,NA,2023,35.80000000000001,26.7
NA,NA,NA,2023,38.1,30.1
NA,NA,NA,2023,39.7,34.5
NA,NA,NA,2023,38.30000000000001,33.5
NA,NA,NA,2023,30.2,21.1
NA,NA,NA,2023,24.3,17.9
NA,NA,NA,2023,29.5,17.8
NA,NA,NA,2023,30,18.6
NA,NA,NA,2023,30.5,20.7
NA,NA,NA,2023,29.7,19.4
NA,NA,NA,2023,34.4,26.4
NA,NA,NA,2023,28.1,18.8
NA,NA,NA,2023,32.9,24.1
NA,NA,NA,2023,28.2,16.9
NA,NA,NA,2023,34.6,27.6
NA,NA,NA,2023,33.6,25.7
NA,NA,NA,2023,31.1,20.5
NA,NA,NA,2023,36.2,31.7
NA,NA,NA,2023,29.7,19
NA,NA,NA,2023,35,28.1
NA,NA,NA,2023,35.1,27.6
NA,NA,NA,2023,32.1,23.4
NA,NA,NA,2023,31.8,22.5
NA,NA,NA,2023,28.8,21.6
NA,NA,NA,2023,35.9,27.2
NA,NA,NA,2023,23.3,14.1
NA,NA,NA,2023,31,19.3
NA,NA,NA,2023,31.4,21
NA,NA,NA,2023,38,28.9
NA,NA,NA,2023,32.4,22.1
NA,NA,NA,2023,29.6,18.5
NA,NA,NA,2023,31.7,24.9
NA,NA,NA,2023,26.9,18.8
NA,NA,NA,2023,28.2,16.2
NA,NA,NA,2023,23,20.5
NA,NA,NA,2023,28,14.9
NA,NA,NA,2023,30.2,18
NA,NA,NA,2023,34.7,21.6
NA,NA,NA,2023,30.7,21.2
NA,NA,NA,2023,31.8,22.8
NA,NA,NA,2023,39.1,25.6
NA,NA,NA,2023,28.4,20.3
NA,NA,NA,2023,19,16.9
NA,NA,NA,2023,29.6,24.2
NA,NA,NA,2023,27.9,17.9
NA,NA,NA,2023,21.1,16.9
NA,NA,NA,2023,30.1,21.3
NA,NA,NA,2023,20.5,18.5
NA,NA,NA,2023,27.5,19.1
NA,NA,NA,2023,31.1,19.6
NA,NA,NA,2023,30.4,18.6
NA,NA,NA,2023,31.6,21
NA,NA,NA,2023,30.1,21.1
NA,NA,NA,2023,25.2,18.5
NA,NA,NA,2023,33.1,26.1
NA,NA,NA,2023,29.9,24.1
NA,NA,NA,2023,34.30000000000001,23.5
NA,NA,NA,2023,32.80000000000001,21.9
NA,NA,NA,2023,36,29.1
NA,NA,NA,2023,28.6,18.4
NA,NA,NA,2023,28.9,20.5
NA,NA,NA,2023,30.6,20.3
NA,NA,NA,2023,34,23.8
NA,NA,NA,2023,24.2,16.5
NA,NA,NA,2023,30.2,22.7
NA,NA,NA,2023,31.4,25.1
NA,NA,NA,2023,24.8,18.3
NA,NA,NA,2023,23,17.8
NA,NA,NA,2023,27.9,22.2
NA,NA,NA,2023,32.5,26.6
NA,NA,NA,2023,17.6,12.9
NA,NA,NA,2023,21.7,13.9
NA,NA,NA,2023,23.4,17
NA,NA,NA,2023,25.4,18.5
NA,NA,NA,2023,21.9,14.5
NA,NA,NA,2023,30,24.8
NA,NA,NA,2023,29.9,28.4
NA,NA,NA,2023,29.6,26.2
NA,NA,NA,2023,23.4,16.3
NA,NA,NA,2023,25.6,22.6
NA,NA,NA,2023,21.5,15.5
NA,NA,NA,2023,23.9,16.8
NA,NA,NA,2023,19.5,11.5
NA,NA,NA,2023,21.3,15.9
NA,NA,NA,2023,25.4,15.1
NA,NA,NA,2023,27,18
NA,NA,NA,2023,29.1,20.7
NA,NA,NA,2023,22.6,18.4
NA,NA,NA,2023,21.9,14.3
NA,NA,NA,2023,22.4,16
NA,NA,NA,2023,22.8,14.7
NA,NA,NA,2023,24,16
NA,NA,NA,2023,25,20.9
NA,NA,NA,2023,25.1,18.2
NA,NA,NA,2023,23.9,13.9
NA,NA,NA,2023,27.7,20.4
NA,NA,NA,2023,27.4,21.9
NA,NA,NA,2023,26.3,18.5
NA,NA,NA,2023,23.4,16.3
NA,NA,NA,2023,23.9,13.6
NA,NA,NA,2023,29.1,23.3
NA,NA,NA,2023,30.6,22.7
NA,NA,NA,2023,27.8,22.4
NA,NA,NA,2023,28.2,19
NA,NA,NA,2023,23.3,14.4
NA,NA,NA,2023,26.6,21.7
NA,NA,NA,2023,26.2,20.3
NA,NA,NA,2023,26.8,21.1
NA,NA,NA,2023,33.7,25
NA,NA,NA,2023,31.9,25.9
NA,NA,NA,2023,22.8,13.7
NA,NA,NA,2023,24,16.5
NA,NA,NA,2023,27.5,21
NA,NA,NA,2023,20.7,12.6
NA,NA,NA,2023,32.1,24.4
NA,NA,NA,2023,29.6,24.4
NA,NA,NA,2023,25.9,19.4
NA,NA,NA,2023,28.1,23.5
NA,NA,NA,2023,20.4,14.2
NA,NA,NA,2023,26.8,23.7
NA,NA,NA,2023,26,18.6
NA,NA,NA,2023,23.1,14.7
NA,NA,NA,2023,28,21.2
NA,NA,NA,2023,20,14.3
NA,NA,NA,2023,24,16.8
NA,NA,NA,2023,28,19.8
NA,NA,NA,2023,32.2,20.8
NA,NA,NA,2023,27.5,21.8
NA,NA,NA,2023,29.5,20.2
NA,NA,NA,2023,23.5,17.1
NA,NA,NA,2023,31.8,21.3
NA,NA,NA,2023,29.4,18.1
NA,NA,NA,2023,28.4,15.7
NA,NA,NA,2023,33.30000000000001,21.8
NA,NA,NA,2023,31.3,17.4
NA,NA,NA,2023,28.2,17.9
NA,NA,NA,2023,33.6,22.6
NA,NA,NA,2023,36.2,23.6
NA,NA,NA,2023,39.1,27.6
NA,NA,NA,2023,33.7,22.9
NA,NA,NA,2023,37.1,25.4
NA,NA,NA,2023,24.2,17.2
NA,NA,NA,2023,24.2,17.2
NA,NA,NA,2023,28.3,25.8
NA,NA,NA,2023,31.9,24.5
NA,NA,NA,2023,38,29.4
NA,NA,NA,2023,31.1,27.2
NA,NA,NA,2023,38.30000000000001,32.5
NA,NA,NA,2023,33,23.7
NA,NA,NA,2023,30.6,26.9
NA,NA,NA,2023,37.1,31
NA,NA,NA,2023,30,25.6
NA,NA,NA,2023,31.6,27.1
NA,NA,NA,2023,35.2,25.2
NA,NA,NA,2023,27.2,24.9
NA,NA,NA,2023,34.30000000000001,29.9
NA,NA,NA,2023,41.6,38.30000000000001
NA,NA,NA,2023,38.5,32.1
NA,NA,NA,2023,34.6,27.8
NA,NA,NA,2023,35.4,25.3
NA,NA,NA,2023,32.6,23.3
NA,NA,NA,2023,38.4,29.3
NA,NA,NA,2023,43,34.7
NA,NA,NA,2023,36,29.1
NA,NA,NA,2023,40.1,33.1
NA,NA,NA,2023,32.6,25.4
NA,NA,NA,2023,38.7,35
NA,NA,NA,2023,40.6,38.2
NA,NA,NA,2023,37.1,38.2
NA,NA,NA,2023,35.9,27.2
NA,NA,NA,2023,39.1,29.6
NA,NA,NA,2023,29.5,25.6
NA,NA,NA,2023,36.5,31.5
NA,NA,NA,2023,32.30000000000001,24.2
NA,NA,NA,2023,35,31
NA,NA,NA,2023,35.4,27.9
NA,NA,NA,2023,37.30000000000001,31.9
NA,NA,NA,2023,35.5,26.2
NA,NA,NA,2023,27.9,23.8
NA,NA,NA,2023,35,23.9
NA,NA,NA,2023,36.9,30.7
NA,NA,NA,2023,39.7,31.2
NA,NA,NA,2023,39.9,35.30000000000001
NA,NA,NA,2023,31.1,23.8
NA,NA,NA,2023,38.2,27.9
NA,NA,NA,2023,28.7,21.7
NA,NA,NA,2023,30.1,33.2
NA,NA,NA,2023,30.4,22.9
NA,NA,NA,2023,30.5,21.5
NA,NA,NA,2023,31.6,22.8
NA,NA,NA,2023,33.9,32.80000000000001
NA,NA,NA,2023,30.4,25.7
NA,NA,NA,2023,35.4,32.6
NA,NA,NA,2023,27.5,24.2
NA,NA,NA,2023,31.6,25.9
NA,NA,NA,2023,27.5,23.1
NA,NA,NA,2023,36.30000000000001,28.2
NA,NA,NA,2023,36.6,33
NA,NA,NA,2023,24.6,18.2
NA,NA,NA,2023,35.2,29.1
NA,NA,NA,2023,30.6,26
NA,NA,NA,2023,26.6,20.5
NA,NA,NA,2023,30.1,23
NA,NA,NA,2023,33.9,21.3
NA,NA,NA,2023,35.6,29.2
NA,NA,NA,2023,37.30000000000001,32.30000000000001
NA,NA,NA,2023,35.9,31.7
NA,NA,NA,2023,35.1,25.9
NA,NA,NA,2023,33,26
NA,NA,NA,2023,29.5,24.6
NA,NA,NA,2023,36.80000000000001,31.1
NA,NA,NA,2023,34.30000000000001,24.5
NA,NA,NA,2023,38,33.2
NA,NA,NA,2023,41.5,38.2
NA,NA,NA,2023,40,32.7
NA,NA,NA,2023,42.8,33
NA,NA,NA,2023,42.9,29.7
NA,NA,NA,2023,36.5,28.2
NA,NA,NA,2023,36.2,26.3
NA,NA,NA,2023,34.2,26.7
NA,NA,NA,2023,44.4,34
NA,NA,NA,2023,36.5,31.6
NA,NA,NA,2023,40.9,29.4
NA,NA,NA,2023,38.5,29.5
NA,NA,NA,2023,38.2,32.80000000000001
NA,NA,NA,2023,39.80000000000001,31.6
NA,NA,NA,2023,34.80000000000001,22.6
NA,NA,NA,2023,38.1,28
NA,NA,NA,2023,41.9,31.8
NA,NA,NA,2023,39.7,31.1
NA,NA,NA,2023,44.2,36.4
NA,NA,NA,2023,37.30000000000001,26.6
NA,NA,NA,2023,41.1,34.30000000000001
NA,NA,NA,2023,37.4,27.9
NA,NA,NA,2023,34.5,25.5
NA,NA,NA,2023,43,33.2
NA,NA,NA,2023,36.1,25.6
NA,NA,NA,2023,38.6,29.6
NA,NA,NA,2023,38.7,32.80000000000001
NA,NA,NA,2023,32.80000000000001,22.3
NA,NA,NA,2023,36.80000000000001,26.2
NA,NA,NA,2023,44.5,35.2
NA,NA,NA,2023,38.80000000000001,32.5
NA,NA,NA,2023,44.1,37.6
NA,NA,NA,2023,33.1,21.2
NA,NA,NA,2023,39.5,34.1
NA,NA,NA,2023,40.2,34.1
NA,NA,NA,2023,33.80000000000001,23
NA,NA,NA,2023,40,32.9
NA,NA,NA,2023,36.7,24.2
NA,NA,NA,2023,38,30.6
NA,NA,NA,2023,41.4,36.4
NA,NA,NA,2023,34.30000000000001,27.1
NA,NA,NA,2023,31.6,22.3
NA,NA,NA,2023,43.6,32.6
NA,NA,NA,2023,30.1,24.4
NA,NA,NA,2023,39,31.9
NA,NA,NA,2023,40.5,32.30000000000001
NA,NA,NA,2023,44.9,30.9
NA,NA,NA,2023,37.4,27.6
NA,NA,NA,2023,41.5,36.1
NA,NA,NA,2023,39,33.1
NA,NA,NA,2023,36.9,25.3
NA,NA,NA,2023,37.7,32.80000000000001
NA,NA,NA,2023,40.5,32.7
NA,NA,NA,2023,40.1,33.7
NA,NA,NA,2023,31,25.8
NA,NA,NA,2023,31.4,20.6
NA,NA,NA,2023,38.1,30.1
NA,NA,NA,2023,26.8,19
NA,NA,NA,2023,35.30000000000001,27.7
NA,NA,NA,2023,29.3,20.7
NA,NA,NA,2023,34.5,27.8
NA,NA,NA,2023,36.30000000000001,29.8
NA,NA,NA,2023,36.30000000000001,27
NA,NA,NA,2023,37.30000000000001,30.5
NA,NA,NA,2023,39.6,30.6
NA,NA,NA,2023,38.6,27
NA,NA,NA,2023,30.2,23.5
NA,NA,NA,2023,35.6,28.3
NA,NA,NA,2023,32.80000000000001,26.3
NA,NA,NA,2023,46.9,37.1
NA,NA,NA,2023,32.5,26.7
NA,NA,NA,2023,32.1,22.2
NA,NA,NA,2023,35.9,28.7
NA,NA,NA,2023,36.5,29.4
NA,NA,NA,2023,40.7,25.6
NA,NA,NA,2023,37.2,22.8
NA,NA,NA,2023,41.2,31.8
NA,NA,NA,2023,34.2,25.5
NA,NA,NA,2023,37.6,29.1
NA,NA,NA,2023,37.30000000000001,32.7
NA,NA,NA,2023,41.2,34.6
NA,NA,NA,2023,42.8,37.6
NA,NA,NA,2023,40.5,35
NA,NA,NA,2023,36,26.2
NA,NA,NA,2023,37,28.4
NA,NA,NA,2023,40.5,33.5
NA,NA,NA,2023,42.6,33.80000000000001
NA,NA,NA,2023,34.7,23.5
NA,NA,NA,2023,41.5,28.3
NA,NA,NA,2023,40,30.3
NA,NA,NA,2023,37.5,32.2
NA,NA,NA,2023,39.5,28.9
NA,NA,NA,2023,34.1,24.5
NA,NA,NA,2023,41.6,30.6
NA,NA,NA,2023,36.80000000000001,29.1
NA,NA,NA,2023,43.4,37
NA,NA,NA,2023,35.30000000000001,29.8
NA,NA,NA,2023,39,30.5
NA,NA,NA,2023,41.1,32.4
NA,NA,NA,2023,39.9,29.7
NA,NA,NA,2023,40.5,35.7
NA,NA,NA,2023,31.8,26.1
NA,NA,NA,2023,37.7,29.7
NA,NA,NA,2023,34.5,24.3
NA,NA,NA,2023,37.5,30.7
NA,NA,NA,2023,38.2,28.9
NA,NA,NA,2023,41.3,29.3
NA,NA,NA,2023,29.8,18.8
NA,NA,NA,2023,35.30000000000001,27.7
NA,NA,NA,2023,34.30000000000001,23.5
NA,NA,NA,2023,38.80000000000001,28.9
NA,NA,NA,2023,33.1,24.6
NA,NA,NA,2023,36.5,29.8
NA,NA,NA,2023,34.2,25.2
NA,NA,NA,2023,40.1,30.5
NA,NA,NA,2023,38.5,31.7
NA,NA,NA,2023,40.1,29.8
NA,NA,NA,2023,40.1,31.8
NA,NA,NA,2023,35.1,26.6
NA,NA,NA,2023,47.6,39.7
NA,NA,NA,2023,41.7,31.5
NA,NA,NA,2023,43.3,28.7
NA,NA,NA,2023,37.1,28.6
NA,NA,NA,2023,39,30.5
NA,NA,NA,2023,38.30000000000001,31.8
NA,NA,NA,2023,39.7,31.7
NA,NA,NA,2023,34.7,27.6
NA,NA,NA,2023,41.5,37
NA,NA,NA,2023,41.6,32
NA,NA,NA,2023,42.8,32.7
NA,NA,NA,2023,43.2,36.4
NA,NA,NA,2023,39.1,33.30000000000001
NA,NA,NA,2023,40.7,35.30000000000001
NA,NA,NA,2023,44.6,37.30000000000001
NA,NA,NA,2023,43.7,36.5
NA,NA,NA,2023,37.30000000000001,29
NA,NA,NA,2023,40.9,31.7
NA,NA,NA,2023,39.9,32.7
NA,NA,NA,2023,31.5,23
NA,NA,NA,2023,43.9,35.2
NA,NA,NA,2023,41.6,30.8
NA,NA,NA,2023,42.7,33
NA,NA,NA,2023,38.4,30
NA,NA,NA,2023,32.4,26.2
NA,NA,NA,2023,41.2,30.1
NA,NA,NA,2023,33.9,27.9
NA,NA,NA,2023,37.4,24.4
NA,NA,NA,2023,38.6,33.6
NA,NA,NA,2023,41.7,35.5
NA,NA,NA,2023,40.9,33.9
NA,NA,NA,2023,35.9,31.1
NA,NA,NA,2023,40.6,31.8
NA,NA,NA,2023,42.9,36.9
NA,NA,NA,2023,32.9,24.8
NA,NA,NA,2023,39.6,32.5
NA,NA,NA,2023,38.9,32
NA,NA,NA,2023,40.6,33.4
NA,NA,NA,2023,40.4,32.2
NA,NA,NA,2023,36.7,30.9
NA,NA,NA,2023,25,18.4
NA,NA,NA,2023,24.8,18.8
NA,NA,NA,2023,24.3,19.8
NA,NA,NA,2023,24.3,10.200000000000001
NA,NA,NA,2023,22,18.8
NA,NA,NA,2023,23.9,16.3
NA,NA,NA,2023,31.3,19.7
NA,NA,NA,2023,27.7,17.2
NA,NA,NA,2023,32.80000000000001,22.1
NA,NA,NA,2023,36.30000000000001,21.4
NA,NA,NA,2023,35.1,21.8
NA,NA,NA,2023,33.5,23.4
NA,NA,NA,2023,39.30000000000001,25.9
NA,NA,NA,2023,26.6,20.7
NA,NA,NA,2023,32.7,20.2
NA,NA,NA,2023,30.2,20.5
NA,NA,NA,2023,34.4,21.6
NA,NA,NA,2023,34,23.8
NA,NA,NA,2023,34.7,23.5
NA,NA,NA,2023,34.2,24.4
NA,NA,NA,2023,38.1,23.6
NA,NA,NA,2023,33.4,21.7
NA,NA,NA,2023,35,25.7
NA,NA,NA,2023,37.9,30.4
NA,NA,NA,2023,34.80000000000001,22.3
NA,NA,NA,2023,31.2,20.9
NA,NA,NA,2023,36.7,25.5
NA,NA,NA,2023,34.80000000000001,22.7
NA,NA,NA,2023,33.7,22.9
NA,NA,NA,2023,32.5,22.9
NA,NA,NA,2023,37.4,27.2
NA,NA,NA,2023,32.1,21.9
NA,NA,NA,2023,37.2,20.6
NA,NA,NA,2023,36.5,28.3
NA,NA,NA,2023,31.1,21.1
NA,NA,NA,2023,29.8,19.3
NA,NA,NA,2023,31.8,23.1
NA,NA,NA,2023,37,24.2
NA,NA,NA,2023,36.1,27.6
NA,NA,NA,2023,35.4,23.1
NA,NA,NA,2023,38.5,27.6
NA,NA,NA,2023,33.2,22.3
NA,NA,NA,2023,31,22.3
NA,NA,NA,2023,34.4,27.5
NA,NA,NA,2023,35,22.6
NA,NA,NA,2023,36.6,25.4
NA,NA,NA,2023,39.5,26.6
NA,NA,NA,2023,32.9,17.9
NA,NA,NA,2023,33.30000000000001,21.9
NA,NA,NA,2023,26.9,19.4
NA,NA,NA,2023,37.5,24.8
NA,NA,NA,2023,32.5,24.4
NA,NA,NA,2023,34.2,24.6
NA,NA,NA,2023,44.4,33.4
NA,NA,NA,2023,38.2,25.2
NA,NA,NA,2023,36.4,24.6
NA,NA,NA,2023,40.4,27.7
NA,NA,NA,2023,35.4,24.8
NA,NA,NA,2023,34.7,22.8
NA,NA,NA,2023,36.80000000000001,24.3
NA,NA,NA,2023,38,28.8
NA,NA,NA,2023,31.1,21.9
NA,NA,NA,2023,36.6,25.6
NA,NA,NA,2023,34.4,23.6
NA,NA,NA,2023,37.7,26.8
NA,NA,NA,2023,36.2,23
NA,NA,NA,2023,37.2,25.4
NA,NA,NA,2023,29.9,25.5
NA,NA,NA,2023,37.30000000000001,25.1
NA,NA,NA,2023,35.2,24.1
NA,NA,NA,2023,35.9,23
NA,NA,NA,2023,34.9,24.4
NA,NA,NA,2023,35.5,26
NA,NA,NA,2023,28.3,20.6
NA,NA,NA,2023,36.1,24.7
NA,NA,NA,2023,36.5,24.6
NA,NA,NA,2023,35.1,23.3
NA,NA,NA,2023,38.9,26.7
NA,NA,NA,2023,37,24.7
NA,NA,NA,2023,37.80000000000001,27.1
NA,NA,NA,2023,37.5,25.5
NA,NA,NA,2023,38.5,28.3
NA,NA,NA,2023,36.7,25.3
NA,NA,NA,2023,34.9,22.2
NA,NA,NA,2023,36.2,25.2
NA,NA,NA,2023,35.1,24
NA,NA,NA,2023,36.9,26.7
NA,NA,NA,2023,35.4,23.3
NA,NA,NA,2023,34.5,23.2
NA,NA,NA,2023,35.9,26.8
NA,NA,NA,2023,38.80000000000001,26.9
NA,NA,NA,2023,35,23.8
NA,NA,NA,2023,37,26.3
NA,NA,NA,2023,33.80000000000001,21.9
NA,NA,NA,2023,37,22.2
NA,NA,NA,2023,37.1,25.8
NA,NA,NA,2023,35,23.9
NA,NA,NA,2023,40.6,25.9
NA,NA,NA,2023,35.4,20.7
NA,NA,NA,2023,37.9,27.1
NA,NA,NA,2023,30.9,22.1
NA,NA,NA,2023,35.80000000000001,24.7
NA,NA,NA,2023,38.5,27.3
NA,NA,NA,2023,36.6,24.8
NA,NA,NA,2023,36.4,25.6
NA,NA,NA,2023,36.4,24.4
NA,NA,NA,2023,35.7,24.6
NA,NA,NA,2023,34.80000000000001,20.8
NA,NA,NA,2023,36.1,22.3
NA,NA,NA,2023,37,25.7
NA,NA,NA,2023,37.9,25.5
NA,NA,NA,2023,39.5,23
NA,NA,NA,2023,36,26.4
NA,NA,NA,2023,35,24
NA,NA,NA,2023,37.4,25.9
NA,NA,NA,2023,38.30000000000001,26.7
NA,NA,NA,2023,35.7,21.8
NA,NA,NA,2023,36.6,24.8
NA,NA,NA,2023,34.6,18.9
NA,NA,NA,2023,38,25.7
NA,NA,NA,2023,35.6,27.3
NA,NA,NA,2023,36.4,24.6
NA,NA,NA,2023,37.2,24.2
NA,NA,NA,2023,35.80000000000001,24.4
NA,NA,NA,2023,40.1,28.9
NA,NA,NA,2023,33.30000000000001,20.4
NA,NA,NA,2023,39.30000000000001,26.7
NA,NA,NA,2023,38.7,28
NA,NA,NA,2023,42.9,30.8
NA,NA,NA,2023,34.7,23.3
NA,NA,NA,2023,38.2,28.4
NA,NA,NA,2023,34.9,23.6
NA,NA,NA,2023,35.9,26.9
NA,NA,NA,2023,39.2,24.7
NA,NA,NA,2023,36.9,27.2
NA,NA,NA,2023,35.1,23
NA,NA,NA,2023,36.2,25.3
NA,NA,NA,2023,35.1,24
NA,NA,NA,2023,35.7,24.3
NA,NA,NA,2023,35.9,25.4
NA,NA,NA,2023,36.6,25.2
NA,NA,NA,2023,33.30000000000001,22.8
NA,NA,NA,2023,36.80000000000001,25.9
NA,NA,NA,2023,38.2,28.1
NA,NA,NA,2023,37.9,25.1
NA,NA,NA,2023,36,25.1
NA,NA,NA,2023,34.1,22.2
NA,NA,NA,2023,35.5,25.7
NA,NA,NA,2023,36.4,26.8
NA,NA,NA,2023,37.5,23.8
NA,NA,NA,2023,35.80000000000001,24.5
NA,NA,NA,2023,33.9,23.7
NA,NA,NA,2023,41.7,27.3
NA,NA,NA,2023,34.1,20.5
NA,NA,NA,2023,37.2,25.6
NA,NA,NA,2023,41.7,28.8
NA,NA,NA,2023,36.2,25.4
NA,NA,NA,2023,33.7,25.6
NA,NA,NA,2023,39.5,28.9
NA,NA,NA,2023,42.7,29
NA,NA,NA,2023,34.80000000000001,19.6
NA,NA,NA,2023,36.5,22.8
NA,NA,NA,2023,39.1,25.6
NA,NA,NA,2023,40.30000000000001,29.9
NA,NA,NA,2023,38.6,27.2
NA,NA,NA,2023,39.1,26.8
NA,NA,NA,2023,43.2,30.1
NA,NA,NA,2023,41.1,30.2
NA,NA,NA,2023,41.2,29
NA,NA,NA,2023,35.9,23.7
NA,NA,NA,2023,38.4,25.5
NA,NA,NA,2023,37.80000000000001,24.6
NA,NA,NA,2023,40.1,29.2
NA,NA,NA,2023,38.30000000000001,24
NA,NA,NA,2023,37.30000000000001,27.7
NA,NA,NA,2023,39.1,29.9
NA,NA,NA,2023,35.9,22.9
NA,NA,NA,2023,37.80000000000001,26.5
NA,NA,NA,2023,35.1,24.6
NA,NA,NA,2023,40.6,27.3
NA,NA,NA,2023,38.2,25.7
NA,NA,NA,2023,39.2,28.6
NA,NA,NA,2023,38.4,27.3
NA,NA,NA,2023,28.7,16.5
NA,NA,NA,2023,35.80000000000001,22.4
NA,NA,NA,2023,38.80000000000001,25.7
NA,NA,NA,2023,34.30000000000001,21.1
NA,NA,NA,2023,42,26.4
NA,NA,NA,2023,41.2,26.8
NA,NA,NA,2023,39.1,25.8
NA,NA,NA,2023,37.6,27.7
NA,NA,NA,2023,34.4,25.8
NA,NA,NA,2023,38.9,29.2
NA,NA,NA,2023,35.30000000000001,25.6
NA,NA,NA,2023,41.7,27.7
NA,NA,NA,2023,32.6,22.1
NA,NA,NA,2023,43.9,27.2
NA,NA,NA,2023,36.9,25.6
NA,NA,NA,2023,36.6,28.3
NA,NA,NA,2023,40.1,29.4
NA,NA,NA,2023,39.30000000000001,27.6
NA,NA,NA,2023,38.30000000000001,26.7
NA,NA,NA,2023,41.4,30
NA,NA,NA,2023,38,29
NA,NA,NA,2023,40.2,27.2
NA,NA,NA,2023,38.7,26.5
NA,NA,NA,2023,39.2,29.3
NA,NA,NA,2023,33,22.7
NA,NA,NA,2023,40.7,25.7
NA,NA,NA,2023,40.80000000000001,26.1
NA,NA,NA,2023,39.80000000000001,27.9
NA,NA,NA,2023,36.6,26.7
NA,NA,NA,2023,36,24.9
NA,NA,NA,2023,37.2,28.7
NA,NA,NA,2023,39.1,28.4
NA,NA,NA,2023,40.5,29.2
NA,NA,NA,2023,37.4,25.9
NA,NA,NA,2023,37.30000000000001,25.4
NA,NA,NA,2023,35.4,23.3
NA,NA,NA,2023,36.80000000000001,23.8
NA,NA,NA,2023,40.30000000000001,27.3
NA,NA,NA,2023,38.6,27.6
NA,NA,NA,2023,40.1,26.5
NA,NA,NA,2023,39.7,25.1
NA,NA,NA,2023,40.9,28.1
NA,NA,NA,2023,37.6,24.7
NA,NA,NA,2023,38,30.9
NA,NA,NA,2023,38.7,25.8
NA,NA,NA,2023,37.6,26.2
NA,NA,NA,2023,40.6,29.5
NA,NA,NA,2023,38.9,24.9
NA,NA,NA,2023,42,29.1
NA,NA,NA,2023,41.3,31.4
NA,NA,NA,2023,37.30000000000001,24.8
NA,NA,NA,2023,37.6,24.7
NA,NA,NA,2023,36.30000000000001,25.5
NA,NA,NA,2023,36.6,26.1
NA,NA,NA,2023,41.5,27
NA,NA,NA,2023,36.6,27.2
NA,NA,NA,2023,40.30000000000001,27
NA,NA,NA,2023,36.4,24.8
NA,NA,NA,2023,40.4,21.6
NA,NA,NA,2023,38.9,28.9
NA,NA,NA,2023,38.2,29.2
NA,NA,NA,2023,36.5,24.5
NA,NA,NA,2023,39.30000000000001,27.2
NA,NA,NA,2023,36.6,24.1
NA,NA,NA,2023,37.2,22.7
NA,NA,NA,2023,35.80000000000001,23.4
NA,NA,NA,2023,37.1,23.4
NA,NA,NA,2023,38.30000000000001,26
NA,NA,NA,2023,40.9,27.8
NA,NA,NA,2023,36.2,23.8
NA,NA,NA,2023,37.80000000000001,22.1
NA,NA,NA,2023,39.9,23.7
NA,NA,NA,2023,38,22.1
NA,NA,NA,2023,38.1,20.6
NA,NA,NA,2023,39.30000000000001,23.2
NA,NA,NA,2023,33,28.7
NA,NA,NA,2023,35.6,22.7
NA,NA,NA,2023,39.7,23.7
NA,NA,NA,2023,35,21.5
NA,NA,NA,2023,33.7,25
NA,NA,NA,2023,40,21.4
NA,NA,NA,2023,35.6,23.4
NA,NA,NA,2023,39.1,23.1
NA,NA,NA,2023,36.30000000000001,22.4
NA,NA,NA,2023,37.9,27.6
NA,NA,NA,2023,39.7,22.8
NA,NA,NA,2023,41.8,26.1
NA,NA,NA,2023,40.6,25
NA,NA,NA,2023,42.8,31
NA,NA,NA,2023,36.1,19.3
NA,NA,NA,2023,37.7,25.7
NA,NA,NA,2023,40.4,25.2
NA,NA,NA,2023,38.80000000000001,22.4
NA,NA,NA,2023,35.80000000000001,25
NA,NA,NA,2023,35.9,20.6
NA,NA,NA,2023,36.1,20
NA,NA,NA,2023,38.80000000000001,23.8
NA,NA,NA,2023,38.6,23.9
NA,NA,NA,2023,38.80000000000001,23.4
NA,NA,NA,2023,41.4,27
NA,NA,NA,2023,38.2,23.1
NA,NA,NA,2023,35.6,24.2
NA,NA,NA,2023,35.9,20
NA,NA,NA,2023,38.80000000000001,24
NA,NA,NA,2023,37,22.8
NA,NA,NA,2023,36.2,24
NA,NA,NA,2023,38.9,23.8
NA,NA,NA,2023,39.7,24.1
NA,NA,NA,2023,37.4,23.9
NA,NA,NA,2023,39.4,23.1
NA,NA,NA,2023,37.2,24.4
NA,NA,NA,2023,36.9,24.1
NA,NA,NA,2023,38.9,22.2
NA,NA,NA,2023,37.5,23.6
NA,NA,NA,2023,39.1,23.1
NA,NA,NA,2023,31.9,23.5
NA,NA,NA,2023,29.4,20.5
NA,NA,NA,2023,37.30000000000001,23.9
NA,NA,NA,2023,38,25.6
NA,NA,NA,2023,38.2,25.2
NA,NA,NA,2023,38.9,25.1
NA,NA,NA,2023,37.4,19.8
NA,NA,NA,2023,37,24.5
NA,NA,NA,2023,37.1,25
NA,NA,NA,2023,33.6,22.4
NA,NA,NA,2023,33.9,21.2
NA,NA,NA,2023,36,25
NA,NA,NA,2023,33.5,20.9
NA,NA,NA,2023,38.2,29.5
NA,NA,NA,2023,34.30000000000001,21.8
NA,NA,NA,2023,36.9,23.2
NA,NA,NA,2023,35.5,24
NA,NA,NA,2023,38.2,24.2
NA,NA,NA,2023,41.8,25.4
NA,NA,NA,2023,42.6,24.7
NA,NA,NA,2023,34.80000000000001,26.4
NA,NA,NA,2023,38.9,24.5
NA,NA,NA,2023,39.80000000000001,25.2
NA,NA,NA,2023,37.6,22
NA,NA,NA,2023,33.9,22
NA,NA,NA,2023,37.2,26
NA,NA,NA,2023,34.80000000000001,20.8
NA,NA,NA,2023,40.6,26.2
NA,NA,NA,2023,36.9,22.2
NA,NA,NA,2023,38,24.5
NA,NA,NA,2023,41.2,24.6
NA,NA,NA,2023,37,22.6
NA,NA,NA,2023,38.80000000000001,23.3
NA,NA,NA,2023,35.30000000000001,21.6
NA,NA,NA,2023,32.5,19.7
NA,NA,NA,2023,38.30000000000001,26.9
NA,NA,NA,2023,36.80000000000001,24.8
NA,NA,NA,2023,35.9,24
NA,NA,NA,2023,37.6,26.3
NA,NA,NA,2023,40.1,26.6
NA,NA,NA,2023,36.4,19.5
NA,NA,NA,2023,39.1,23.8
NA,NA,NA,2023,38.9,27.4
NA,NA,NA,2023,38.2,25.3
NA,NA,NA,2023,37.80000000000001,22.3
NA,NA,NA,2023,33.30000000000001,20.6
NA,NA,NA,2023,38.2,27.3
NA,NA,NA,2023,34.30000000000001,23.3
NA,NA,NA,2023,39.4,26.6
NA,NA,NA,2023,35.80000000000001,21.4
NA,NA,NA,2023,40,25.6
NA,NA,NA,2023,39.1,23.9
NA,NA,NA,2023,36.2,24.2
NA,NA,NA,2023,39.5,26.1
NA,NA,NA,2023,35.7,24.7
NA,NA,NA,2023,40.30000000000001,25
NA,NA,NA,2023,37.80000000000001,27
NA,NA,NA,2023,38.2,21.5
NA,NA,NA,2023,36.4,22.4
NA,NA,NA,2023,41,27.9
NA,NA,NA,2023,35.7,25.8
NA,NA,NA,2023,36.5,23.7
NA,NA,NA,2023,36.2,23.1
NA,NA,NA,2023,39.30000000000001,21
NA,NA,NA,2023,38.80000000000001,24.2
NA,NA,NA,2023,35.7,22.6
NA,NA,NA,2023,37.6,22.2
NA,NA,NA,2023,39.1,25.5
NA,NA,NA,2023,37.4,24.4
NA,NA,NA,2023,37.4,24.4
NA,NA,NA,2023,37.5,22.8
NA,NA,NA,2023,36.7,24.3
NA,NA,NA,2023,32,19.4
NA,NA,NA,2023,39.5,25.2
NA,NA,NA,2023,40.7,27
NA,NA,NA,2023,32.1,20.6
NA,NA,NA,2023,35.7,22.9
NA,NA,NA,2023,42.6,30
NA,NA,NA,2023,41.8,33.7
NA,NA,NA,2023,40.6,24.6
NA,NA,NA,2023,37.9,24.1
NA,NA,NA,2023,35.2,21.8
NA,NA,NA,2023,37.9,25.8
NA,NA,NA,2023,40,28.6
NA,NA,NA,2023,35,24
NA,NA,NA,2023,38.2,25.5
NA,NA,NA,2023,38.7,24.6
NA,NA,NA,2023,38.2,28
NA,NA,NA,2023,36.9,26.4
NA,NA,NA,2023,38.30000000000001,22.5
NA,NA,NA,2023,39.80000000000001,29.3
NA,NA,NA,2023,35.5,21.2
NA,NA,NA,2023,37.1,23
NA,NA,NA,2023,36.5,22.2
NA,NA,NA,2023,40.7,25.6
NA,NA,NA,2023,28.6,14.7
NA,NA,NA,2023,37.80000000000001,28.9
NA,NA,NA,2023,37.5,21.8
NA,NA,NA,2023,37.6,23.5
NA,NA,NA,2023,40.5,25
NA,NA,NA,2023,37.5,23.9
NA,NA,NA,2023,37.2,22.7
NA,NA,NA,2023,38.1,22.6
NA,NA,NA,2023,39.2,25.3
NA,NA,NA,2023,37.80000000000001,24.2
NA,NA,NA,2023,40,24.7
NA,NA,NA,2023,32.2,21.1
NA,NA,NA,2023,32.5,22.7
NA,NA,NA,2023,35.30000000000001,23.5
NA,NA,NA,2023,36.9,25.9
NA,NA,NA,2023,37.1,21.6
NA,NA,NA,2023,39.30000000000001,23
NA,NA,NA,2023,41.1,26.5
NA,NA,NA,2023,36.5,22.1
NA,NA,NA,2023,38.4,28.4
NA,NA,NA,2023,35.1,20.9
NA,NA,NA,2023,39.1,23
NA,NA,NA,2023,36.7,23.7
NA,NA,NA,2023,36.5,23.5
NA,NA,NA,2023,41.8,25.3
NA,NA,NA,2023,37.4,24.6
NA,NA,NA,2023,36.80000000000001,22.1
NA,NA,NA,2023,39.6,25.7
NA,NA,NA,2023,35.7,22.6
NA,NA,NA,2023,33.80000000000001,19.8
NA,NA,NA,2023,36.4,23.2
NA,NA,NA,2023,36.80000000000001,24.5
NA,NA,NA,2023,41.6,25.3
NA,NA,NA,2023,36.5,21
NA,NA,NA,2023,38.80000000000001,24.4
NA,NA,NA,2023,34.2,21.8
NA,NA,NA,2023,33.7,21.9
NA,NA,NA,2023,36.1,22.4
NA,NA,NA,2023,37.5,23.2
NA,NA,NA,2023,38.1,24.6
NA,NA,NA,2023,35.5,25.4
NA,NA,NA,2023,34.6,22.3
NA,NA,NA,2023,41.3,33.9
NA,NA,NA,2023,37.30000000000001,22
NA,NA,NA,2023,37.80000000000001,22.6
NA,NA,NA,2023,36.6,21.5
NA,NA,NA,2023,35.9,22
NA,NA,NA,2023,36.5,25.3
NA,NA,NA,2023,39.4,28.9
NA,NA,NA,2023,40.80000000000001,29
NA,NA,NA,2023,37.30000000000001,22.5
NA,NA,NA,2023,37.7,22.3
NA,NA,NA,2023,36.4,22.7
NA,NA,NA,2023,36.5,21.9
NA,NA,NA,2023,35.30000000000001,22.5
NA,NA,NA,2023,40.1,23.2
NA,NA,NA,2023,36.80000000000001,24.2
NA,NA,NA,2023,38.7,25
NA,NA,NA,2023,36.6,25.5
NA,NA,NA,2023,46,32.2
NA,NA,NA,2023,37,29.3
NA,NA,NA,2023,39.7,32.5
NA,NA,NA,2023,37.9,32
NA,NA,NA,2023,36,29.9
NA,NA,NA,2023,39.5,31.7
NA,NA,NA,2023,37.7,34
NA,NA,NA,2023,39.30000000000001,34.9
NA,NA,NA,2023,44,39.80000000000001
NA,NA,NA,2023,38.30000000000001,24
NA,NA,NA,2023,39.6,31.9
NA,NA,NA,2023,39.80000000000001,30.2
NA,NA,NA,2023,38.30000000000001,31
NA,NA,NA,2023,40,32.6
NA,NA,NA,2023,41.5,36.9
NA,NA,NA,2023,39.1,32.30000000000001
NA,NA,NA,2023,38.1,29.5
NA,NA,NA,2023,38.80000000000001,33.1
NA,NA,NA,2023,38.6,31.2
NA,NA,NA,2023,39.6,28.4
NA,NA,NA,2023,38.30000000000001,26.8
NA,NA,NA,2023,39.2,34.1
NA,NA,NA,2023,39.9,35.80000000000001
NA,NA,NA,2023,39.9,34.7
NA,NA,NA,2023,40.2,39.2
NA,NA,NA,2023,38.1,33.2
NA,NA,NA,2023,35.2,30.4
NA,NA,NA,2023,43.9,40.30000000000001
NA,NA,NA,2023,40.30000000000001,37.7
NA,NA,NA,2023,38.2,31.9
NA,NA,NA,2023,39.6,34.30000000000001
NA,NA,NA,2023,39.5,28.7
NA,NA,NA,2023,40.6,34.5
NA,NA,NA,2023,41.6,36.6
NA,NA,NA,2023,39.7,37.7
NA,NA,NA,2023,33.30000000000001,29
NA,NA,NA,2023,39.7,33.5
NA,NA,NA,2023,42.8,36.1
NA,NA,NA,2023,37,28
NA,NA,NA,2023,42.6,37.2
NA,NA,NA,2023,39.1,33.2
NA,NA,NA,2023,38.80000000000001,30.4
NA,NA,NA,2023,37.5,30.3
NA,NA,NA,2023,39.4,31.6
NA,NA,NA,2023,41.2,36.4
NA,NA,NA,2023,41.7,35.9
NA,NA,NA,2023,37.7,29.7
NA,NA,NA,2023,36.30000000000001,31.1
NA,NA,NA,2023,39.4,27.9
NA,NA,NA,2023,45.3,39.6
NA,NA,NA,2023,38.4,30.9
NA,NA,NA,2023,40.5,35.2
NA,NA,NA,2023,40.5,30.1
NA,NA,NA,2023,40.7,32.30000000000001
NA,NA,NA,2023,41,33.5
NA,NA,NA,2023,41.9,32.9
NA,NA,NA,2023,42.7,37.7
NA,NA,NA,2023,36.4,26.5
NA,NA,NA,2023,35.4,28
NA,NA,NA,2023,41.1,34.4
NA,NA,NA,2023,35.2,28.4
NA,NA,NA,2023,41,36.80000000000001
NA,NA,NA,2023,46.3,38
NA,NA,NA,2023,40.9,31.2
NA,NA,NA,2023,39.80000000000001,34
NA,NA,NA,2023,37,35.80000000000001
NA,NA,NA,2023,42.1,41.2
NA,NA,NA,2023,41.1,36.6
NA,NA,NA,2023,43.8,36.2
NA,NA,NA,2023,42.4,38.4
NA,NA,NA,2023,40.6,35.2
NA,NA,NA,2023,38.2,30.3
NA,NA,NA,2023,40.2,31.5
NA,NA,NA,2023,37.1,29.3
NA,NA,NA,2023,38.30000000000001,29.5
NA,NA,NA,2023,45.2,40.6
NA,NA,NA,2023,37.6,29.3
NA,NA,NA,2023,35.6,27
NA,NA,NA,2023,42.1,39.1
NA,NA,NA,2023,39.2,33.7
NA,NA,NA,2023,37.5,27.2
NA,NA,NA,2023,40,34.30000000000001
NA,NA,NA,2023,39.2,30.5
NA,NA,NA,2023,37.7,28.7
NA,NA,NA,2023,39.6,34.9
NA,NA,NA,2023,39.6,30.4
NA,NA,NA,2023,41.3,34.80000000000001
NA,NA,NA,2023,39.80000000000001,35.7
NA,NA,NA,2023,39.6,32.6
NA,NA,NA,2023,41,34.80000000000001
NA,NA,NA,2023,39.9,32.2
NA,NA,NA,2023,37.5,27.3
NA,NA,NA,2023,39.4,35.30000000000001
NA,NA,NA,2023,37.5,31.6
NA,NA,NA,2023,35.6,21.9
NA,NA,NA,2023,37.9,31.8
NA,NA,NA,2023,41.2,36.9
NA,NA,NA,2023,40,31.8
NA,NA,NA,2023,40.7,33.6
NA,NA,NA,2023,38.4,36.30000000000001
NA,NA,NA,2023,36.6,32.4
NA,NA,NA,2023,41.1,35.30000000000001
NA,NA,NA,2023,39.5,33.2
NA,NA,NA,2023,40.4,34.80000000000001
NA,NA,NA,2023,40.4,31.8
NA,NA,NA,2023,39.6,32.9
NA,NA,NA,2023,34,26.2
NA,NA,NA,2023,37.6,27.5
NA,NA,NA,2023,37.1,30.4
NA,NA,NA,2023,35.1,26.1
NA,NA,NA,2023,37.7,29.3
NA,NA,NA,2023,38.30000000000001,33.4
NA,NA,NA,2023,38.5,30.2
NA,NA,NA,2023,38.1,31.2
NA,NA,NA,2023,39.80000000000001,32.2
NA,NA,NA,2023,37.2,29.8
NA,NA,NA,2023,39.30000000000001,31.1
NA,NA,NA,2023,40.1,35.80000000000001
NA,NA,NA,2023,39.80000000000001,34
NA,NA,NA,2023,36.1,32.6
NA,NA,NA,2023,44.3,42.5
NA,NA,NA,2023,35.9,25.4
NA,NA,NA,2023,38.30000000000001,28.2
NA,NA,NA,2023,38.30000000000001,32.7
NA,NA,NA,2023,39.1,31.6
NA,NA,NA,2023,31.2,26.7
NA,NA,NA,2023,40.6,34.5
NA,NA,NA,2023,40.1,35.30000000000001
NA,NA,NA,2023,37.4,28.5
NA,NA,NA,2023,44.1,37.80000000000001
NA,NA,NA,2023,38.5,28.9
NA,NA,NA,2023,43.9,32.9
NA,NA,NA,2023,38.5,30.7
NA,NA,NA,2023,38.30000000000001,33.2
NA,NA,NA,2023,35.7,28.9
NA,NA,NA,2023,41.4,34.30000000000001
NA,NA,NA,2023,47.4,38.9
NA,NA,NA,2023,43.4,37.80000000000001
NA,NA,NA,2023,42.4,33.5
NA,NA,NA,2023,37.5,28.4
NA,NA,NA,2023,51.2,47.2
NA,NA,NA,2023,40.2,31
NA,NA,NA,2023,42.2,37.6
NA,NA,NA,2023,40.7,36.7
NA,NA,NA,2023,41.7,31.1
NA,NA,NA,2023,37.7,34.2
NA,NA,NA,2023,39.4,32.30000000000001
NA,NA,NA,2023,42.4,32.80000000000001
NA,NA,NA,2023,38.1,30
NA,NA,NA,2023,40.80000000000001,32
NA,NA,NA,2023,35.1,24.7
NA,NA,NA,2023,38.6,31.7
NA,NA,NA,2023,40,31
NA,NA,NA,2023,40.7,31.8
NA,NA,NA,2023,39.2,26
NA,NA,NA,2023,47,40.80000000000001
NA,NA,NA,2023,44.3,36.30000000000001
NA,NA,NA,2023,42,34.30000000000001
NA,NA,NA,2023,33.7,27.4
NA,NA,NA,2023,42.5,32.5
NA,NA,NA,2023,37.1,30.3
NA,NA,NA,2023,40.80000000000001,32.2
NA,NA,NA,2023,43.5,32.5
NA,NA,NA,2023,41.3,35.2
NA,NA,NA,2023,43.1,35.2
NA,NA,NA,2023,38.7,33.4
NA,NA,NA,2023,41.4,33.2
NA,NA,NA,2023,35.80000000000001,26.5
NA,NA,NA,2023,42.8,34.7
NA,NA,NA,2023,41.9,30.6
NA,NA,NA,2023,44,31.5
NA,NA,NA,2023,39.7,35.6
NA,NA,NA,2023,40.6,31.5
NA,NA,NA,2023,37,33.5
NA,NA,NA,2023,31,23
NA,NA,NA,2023,40.80000000000001,33.4
NA,NA,NA,2023,46.6,40
NA,NA,NA,2023,41.9,31.6
NA,NA,NA,2023,39.9,33
NA,NA,NA,2023,40.1,32.30000000000001
NA,NA,NA,2023,42.2,30
NA,NA,NA,2023,43.8,34.5
NA,NA,NA,2023,41.4,36.80000000000001
NA,NA,NA,2023,38.80000000000001,28.3
NA,NA,NA,2023,39.80000000000001,32.80000000000001
NA,NA,NA,2023,40.6,27.7
NA,NA,NA,2023,41.6,32.6
NA,NA,NA,2023,31.3,19.7
NA,NA,NA,2023,35,24.3
NA,NA,NA,2023,35.30000000000001,28.2
NA,NA,NA,2023,26.3,17.4
NA,NA,NA,2023,31.1,21.5
NA,NA,NA,2023,29.2,17.2
NA,NA,NA,2023,34.4,20.9
NA,NA,NA,2023,30.1,18.2
NA,NA,NA,2023,25.1,18
NA,NA,NA,2023,33.6,21.5
NA,NA,NA,2023,34.30000000000001,23.4
NA,NA,NA,2023,33.5,24.2
NA,NA,NA,2023,30.6,17.2
NA,NA,NA,2023,33,25.8
NA,NA,NA,2023,31.5,20.2
NA,NA,NA,2023,34.9,23.6
NA,NA,NA,2023,29.9,19.6
NA,NA,NA,2023,30.9,20.6
NA,NA,NA,2023,35.7,25.2
NA,NA,NA,2023,31.3,18.9
NA,NA,NA,2023,31.7,21.9
NA,NA,NA,2023,34,18.6
NA,NA,NA,2023,37.9,26.4
NA,NA,NA,2023,29.4,17.8
NA,NA,NA,2023,37.7,24.7
NA,NA,NA,2023,40.2,23.8
NA,NA,NA,2023,39.80000000000001,26.8
NA,NA,NA,2023,31.4,19.2
NA,NA,NA,2023,33.1,24.3
NA,NA,NA,2023,32.2,19.7
NA,NA,NA,2023,25.5,16.9
NA,NA,NA,2023,32.4,21.1
NA,NA,NA,2023,21.6,16.6
NA,NA,NA,2023,36.9,23.4
NA,NA,NA,2023,30.2,18.1
NA,NA,NA,2023,36.5,21.4
NA,NA,NA,2023,40.4,30.4
NA,NA,NA,2023,32,19.8
NA,NA,NA,2023,37.4,26.4
NA,NA,NA,2023,38.7,23.2
NA,NA,NA,2023,32.2,23
NA,NA,NA,2023,37.4,25.3
NA,NA,NA,2023,24.5,19.4
NA,NA,NA,2023,26.2,15.8
NA,NA,NA,2023,24.7,19.6
NA,NA,NA,2023,27.4,22.6
NA,NA,NA,2023,25,17
NA,NA,NA,2023,27.3,22.4
NA,NA,NA,2023,26.2,19.4
NA,NA,NA,2023,31.8,23.9
NA,NA,NA,2023,23.2,16.9
NA,NA,NA,2023,20.9,15.9
NA,NA,NA,2023,25.2,17.6
NA,NA,NA,2023,23.4,16.5
NA,NA,NA,2023,24.7,20.4
NA,NA,NA,2023,23.3,21.8
NA,NA,NA,2023,29.8,21.7
NA,NA,NA,2023,35.30000000000001,20.2
NA,NA,NA,2023,37.2,21.7
NA,NA,NA,2023,40.30000000000001,21.7
NA,NA,NA,2023,35.1,19.6
NA,NA,NA,2023,37,21.8
NA,NA,NA,2023,35.5,18.7
NA,NA,NA,2023,36.80000000000001,22.7
NA,NA,NA,2023,41.4,23.5
NA,NA,NA,2023,35.2,19.1
NA,NA,NA,2023,38.1,21.1
NA,NA,NA,2023,36.1,18.9
NA,NA,NA,2023,38.30000000000001,20.8
NA,NA,NA,2023,37.80000000000001,22.7
NA,NA,NA,2023,39.1,23.5
NA,NA,NA,2023,35.2,20.6
NA,NA,NA,2023,35.5,18
NA,NA,NA,2023,39.1,20.5
NA,NA,NA,2023,38.7,22.4
NA,NA,NA,2023,39.5,24.4
NA,NA,NA,2023,33.4,17
NA,NA,NA,2023,36.9,21.4
NA,NA,NA,2023,39.30000000000001,21.4
NA,NA,NA,2023,36,19.3
NA,NA,NA,2023,36.2,18.7
NA,NA,NA,2023,34.7,17.7
NA,NA,NA,2023,42.1,24.7
NA,NA,NA,2023,38.80000000000001,23.4
NA,NA,NA,2023,38.6,22.3
NA,NA,NA,2023,33.9,16.2
NA,NA,NA,2023,39.5,22.3
NA,NA,NA,2023,35.6,21.6
NA,NA,NA,2023,34.5,20.6
NA,NA,NA,2023,34.6,21.9
NA,NA,NA,2023,32.9,20
NA,NA,NA,2023,39.4,22.7
NA,NA,NA,2023,40.30000000000001,23
NA,NA,NA,2023,35.30000000000001,22.6
NA,NA,NA,2023,37,22.4
NA,NA,NA,2023,38.5,19.4
NA,NA,NA,2023,39.7,18.3
NA,NA,NA,2023,39.6,23.5
NA,NA,NA,2023,34.7,16.9
NA,NA,NA,2023,34.9,16.8
NA,NA,NA,2023,39.1,26
NA,NA,NA,2023,38.30000000000001,22.6
NA,NA,NA,2023,32.7,16.1
NA,NA,NA,2023,41,21.9
NA,NA,NA,2023,33.5,15.5
NA,NA,NA,2023,39.9,22.4
NA,NA,NA,2023,38.5,22.9
NA,NA,NA,2023,36.5,21.2
NA,NA,NA,2023,37,20.4
NA,NA,NA,2023,34.4,18.9
NA,NA,NA,2023,37.1,21
NA,NA,NA,2023,38,22.1
NA,NA,NA,2023,37.7,21.1
NA,NA,NA,2023,35.5,18.2
NA,NA,NA,2023,37.6,21.8
NA,NA,NA,2023,39.1,19.5
NA,NA,NA,2023,39.4,22.4
NA,NA,NA,2023,38.4,22.7
NA,NA,NA,2023,38.7,22.8
NA,NA,NA,2023,39,23.3
NA,NA,NA,2023,32.1,17.6
NA,NA,NA,2023,37.6,23.3
NA,NA,NA,2023,38.4,23.2
NA,NA,NA,2023,38.4,22.1
NA,NA,NA,2023,37.9,22.8
NA,NA,NA,2023,38.30000000000001,23.7
NA,NA,NA,2023,35.9,20
NA,NA,NA,2023,32.4,17.1
NA,NA,NA,2023,38.6,21.2
NA,NA,NA,2023,37.80000000000001,22.2
NA,NA,NA,2023,42.9,23.6
NA,NA,NA,2023,37.4,20
NA,NA,NA,2023,36.6,22.7
NA,NA,NA,2023,37.9,23
NA,NA,NA,2023,38.9,22.6
NA,NA,NA,2023,37,21.8
NA,NA,NA,2023,35.30000000000001,22.1
NA,NA,NA,2023,39.9,22.1
NA,NA,NA,2023,30.8,16.6
NA,NA,NA,2023,38.4,24.7
NA,NA,NA,2023,36.4,22.2
NA,NA,NA,2023,30.6,18.7
NA,NA,NA,2023,35.2,22.7
NA,NA,NA,2023,32.7,19.3
NA,NA,NA,2023,36.30000000000001,20.3
NA,NA,NA,2023,38.5,23.3
NA,NA,NA,2023,37.7,20.9
NA,NA,NA,2023,36.9,22.3
NA,NA,NA,2023,30.8,21.2
NA,NA,NA,2023,36.5,21.2
NA,NA,NA,2023,36.4,20.7
NA,NA,NA,2023,29.7,15
NA,NA,NA,2023,32.7,21.8
NA,NA,NA,2023,38.6,21.9
NA,NA,NA,2023,34.7,19.1
NA,NA,NA,2023,37.5,19.8
NA,NA,NA,2023,34,24.8
NA,NA,NA,2023,32.5,18.1
NA,NA,NA,2023,37.80000000000001,23.9
NA,NA,NA,2023,37.2,19.9
NA,NA,NA,2023,32.4,17.1
NA,NA,NA,2023,33.1,19
NA,NA,NA,2023,33,19.3
NA,NA,NA,2023,35.80000000000001,22.8
NA,NA,NA,2023,34.2,21.5
NA,NA,NA,2023,34.1,24
NA,NA,NA,2023,33.1,19.6
NA,NA,NA,2023,35,21.8
NA,NA,NA,2023,27.7,16.4
NA,NA,NA,2023,32.6,19.3
NA,NA,NA,2023,34.2,20.5
NA,NA,NA,2023,34.4,20.4
NA,NA,NA,2023,33.30000000000001,21.9
NA,NA,NA,2023,31.5,20.4
NA,NA,NA,2023,35.7,22.4
NA,NA,NA,2023,35.5,21
NA,NA,NA,2023,33.6,19.9
NA,NA,NA,2023,33.30000000000001,22.4
NA,NA,NA,2023,33.2,20.6
NA,NA,NA,2023,36.30000000000001,19.1
NA,NA,NA,2023,33.7,20
NA,NA,NA,2023,36,19
NA,NA,NA,2023,32.9,22.1
NA,NA,NA,2023,35.4,22.5
NA,NA,NA,2023,36.6,20.8
NA,NA,NA,2023,43.8,29.9
NA,NA,NA,2023,34.30000000000001,22.1
NA,NA,NA,2023,35.1,23.1
NA,NA,NA,2023,31.9,19.6
NA,NA,NA,2023,37.80000000000001,22.7
NA,NA,NA,2023,36.2,23.2
NA,NA,NA,2023,34.5,24.5
NA,NA,NA,2023,36.30000000000001,20.6
NA,NA,NA,2023,33.5,19.5
NA,NA,NA,2023,39.2,28.1
NA,NA,NA,2023,39.5,21.4
NA,NA,NA,2023,32.2,17.1
NA,NA,NA,2023,31,19.6
NA,NA,NA,2023,30.7,21.2
NA,NA,NA,2023,36.80000000000001,23.6
NA,NA,NA,2023,35.6,23.1
NA,NA,NA,2023,39.30000000000001,22.3
NA,NA,NA,2023,33.2,20.3
NA,NA,NA,2023,31.4,19.6
NA,NA,NA,2023,37.1,21.2
NA,NA,NA,2023,40.4,21.1
NA,NA,NA,2023,36.7,22.2
NA,NA,NA,2023,34.9,20.8
NA,NA,NA,2023,33.6,20.7
NA,NA,NA,2023,34.4,20.9
NA,NA,NA,2023,32.2,19.9
NA,NA,NA,2023,33.5,16.8
NA,NA,NA,2023,36.4,19.3
NA,NA,NA,2023,34.2,21.2
NA,NA,NA,2023,34.1,21.6
NA,NA,NA,2023,33.9,20.7
NA,NA,NA,2023,34.7,20.5
NA,NA,NA,2023,36.80000000000001,21.9
NA,NA,NA,2023,37.7,23.5
NA,NA,NA,2023,37.30000000000001,22.3
NA,NA,NA,2023,33,19.4
NA,NA,NA,2023,34.30000000000001,22.8
NA,NA,NA,2023,37.7,21.5
NA,NA,NA,2023,29.5,15.9
NA,NA,NA,2023,38.1,25.7
NA,NA,NA,2023,35.6,20
NA,NA,NA,2023,35.6,19.8
NA,NA,NA,2023,32.7,16.8
NA,NA,NA,2023,36.2,22.5
NA,NA,NA,2023,39.9,28.9
NA,NA,NA,2023,43.5,36.6
NA,NA,NA,2023,37.80000000000001,29.4
NA,NA,NA,2023,42.1,32.7
NA,NA,NA,2023,40.9,30.7
NA,NA,NA,2023,40.80000000000001,30.4
NA,NA,NA,2023,42.5,34
NA,NA,NA,2023,44.9,31.5
NA,NA,NA,2023,36.5,28.7
NA,NA,NA,2023,41.8,33.7
NA,NA,NA,2023,39.9,28.5
NA,NA,NA,2023,48.4,38
NA,NA,NA,2023,40,29.9
NA,NA,NA,2023,46.7,32.1
NA,NA,NA,2023,47.2,38.7
NA,NA,NA,2023,42.7,31.3
NA,NA,NA,2023,44,31.5
NA,NA,NA,2023,38.30000000000001,25.6
NA,NA,NA,2023,39,30.1
NA,NA,NA,2023,40.4,31.6
NA,NA,NA,2023,38.2,28.3
NA,NA,NA,2023,41.2,27.3
NA,NA,NA,2023,41.1,29
NA,NA,NA,2023,32.80000000000001,23.6
NA,NA,NA,2023,36.30000000000001,26.1
NA,NA,NA,2023,43.1,30.6
NA,NA,NA,2023,53.2,40.5
NA,NA,NA,2023,49.9,42.2
NA,NA,NA,2023,46.9,37.4
NA,NA,NA,2023,39.30000000000001,27.5
NA,NA,NA,2023,37.5,27.6
NA,NA,NA,2023,45.5,29.7
NA,NA,NA,2023,48.2,36.30000000000001
NA,NA,NA,2023,46.6,33.30000000000001
NA,NA,NA,2023,41.8,29.5
NA,NA,NA,2023,44.8,33
NA,NA,NA,2023,38.5,23.3
NA,NA,NA,2023,37.30000000000001,25.2
NA,NA,NA,2023,40.9,29.7
NA,NA,NA,2023,41.6,31.7
NA,NA,NA,2023,40.9,33.1
NA,NA,NA,2023,38.6,26.5
NA,NA,NA,2023,53.2,36.1
NA,NA,NA,2023,42.3,31.6
NA,NA,NA,2023,40.30000000000001,27.7
NA,NA,NA,2023,33.7,20.5
NA,NA,NA,2023,41.1,31.5
NA,NA,NA,2023,42.5,31.4
NA,NA,NA,2023,40.7,30.2
NA,NA,NA,2023,42.1,33.2
NA,NA,NA,2023,39.5,31
NA,NA,NA,2023,43.1,30.4
NA,NA,NA,2023,46.3,37.6
NA,NA,NA,2023,36.7,27.3
NA,NA,NA,2023,43.3,32.5
NA,NA,NA,2023,35.6,25.6
NA,NA,NA,2023,42.6,30.7
NA,NA,NA,2023,42.1,33.30000000000001
NA,NA,NA,2023,38.80000000000001,27.3
NA,NA,NA,2023,37.7,30.4
NA,NA,NA,2023,48.2,39.1
NA,NA,NA,2023,35.4,24
NA,NA,NA,2023,44.2,32.9
NA,NA,NA,2023,48.6,36.4
NA,NA,NA,2023,37.2,30.4
NA,NA,NA,2023,41.5,31.2
NA,NA,NA,2023,40.6,29.2
NA,NA,NA,2023,47.8,35
NA,NA,NA,2023,43.9,35.6
NA,NA,NA,2023,40,29.1
NA,NA,NA,2023,40.1,32.4
NA,NA,NA,2023,41,31
NA,NA,NA,2023,49.1,37.7
NA,NA,NA,2023,38.80000000000001,28.1
NA,NA,NA,2023,44.4,33.4
NA,NA,NA,2023,38.5,30.4
NA,NA,NA,2023,44.4,35.7
NA,NA,NA,2023,41.6,32.2
NA,NA,NA,2023,40.1,27.2
NA,NA,NA,2023,44,38.9
NA,NA,NA,2023,40.2,30.9
NA,NA,NA,2023,40.80000000000001,30.7
NA,NA,NA,2023,44.4,38
NA,NA,NA,2023,34.2,24.9
NA,NA,NA,2023,40.2,27
NA,NA,NA,2023,38.1,24.1
NA,NA,NA,2023,36.1,24.9
NA,NA,NA,2023,39.7,29.8
NA,NA,NA,2023,38.4,29.4
NA,NA,NA,2023,39.6,29.3
NA,NA,NA,2023,41.2,29.4
NA,NA,NA,2023,39.9,27.8
NA,NA,NA,2023,39.1,29.6
NA,NA,NA,2023,32.80000000000001,22.1
NA,NA,NA,2023,36.9,26.2
NA,NA,NA,2023,39,32.4
NA,NA,NA,2023,40.80000000000001,27.5
NA,NA,NA,2023,34.2,24.5
NA,NA,NA,2023,39.7,24.7
NA,NA,NA,2023,40,24.8
NA,NA,NA,2023,37,28.9
NA,NA,NA,2023,39.7,28.6
NA,NA,NA,2023,34.5,23.7
NA,NA,NA,2023,37.30000000000001,29.5
NA,NA,NA,2023,38.4,26.3
NA,NA,NA,2023,37.30000000000001,22
NA,NA,NA,2023,40.5,29.1
NA,NA,NA,2023,34.2,21.9
NA,NA,NA,2023,36.80000000000001,24.7
NA,NA,NA,2023,33.5,21.6
NA,NA,NA,2023,37.30000000000001,25.9
NA,NA,NA,2023,41.3,29.4
NA,NA,NA,2023,40.2,30.1
NA,NA,NA,2023,39.5,30.6
NA,NA,NA,2023,39.5,27.8
NA,NA,NA,2023,39.7,25.5
NA,NA,NA,2023,37.4,29.3
NA,NA,NA,2023,37.6,28.1
NA,NA,NA,2023,39.5,33.6
NA,NA,NA,2023,31.4,23.6
NA,NA,NA,2023,33.7,25.3
NA,NA,NA,2023,38.80000000000001,26.8
NA,NA,NA,2023,35.80000000000001,24.1
NA,NA,NA,2023,37.6,27.5
NA,NA,NA,2023,38.7,28.5
NA,NA,NA,2023,42.4,28.2
NA,NA,NA,2023,39.80000000000001,29.2
NA,NA,NA,2023,38.2,26.1
NA,NA,NA,2023,37.6,25.1
NA,NA,NA,2023,40.30000000000001,28.1
NA,NA,NA,2023,41,30.9
NA,NA,NA,2023,36.2,26.5
NA,NA,NA,2023,37.30000000000001,27.6
NA,NA,NA,2023,41.1,24.5
NA,NA,NA,2023,37.30000000000001,25.1
NA,NA,NA,2023,37.9,29.5
NA,NA,NA,2023,41.5,27.4
NA,NA,NA,2023,40,28.9
NA,NA,NA,2023,35.2,28.5
NA,NA,NA,2023,39.7,29
NA,NA,NA,2023,36.4,27.4
NA,NA,NA,2023,38.1,25.3
NA,NA,NA,2023,38.80000000000001,26.9
NA,NA,NA,2023,39.30000000000001,32.80000000000001
NA,NA,NA,2023,36.80000000000001,25.7
NA,NA,NA,2023,39.80000000000001,28.4
NA,NA,NA,2023,38.9,29.2
NA,NA,NA,2023,39.9,25.8
NA,NA,NA,2023,37.6,26.7
NA,NA,NA,2023,37.2,25.8
NA,NA,NA,2023,44.1,36
NA,NA,NA,2023,36.30000000000001,26.3
NA,NA,NA,2023,37.5,29.3
NA,NA,NA,2023,38.4,27.9
NA,NA,NA,2023,37.2,29.7
NA,NA,NA,2023,44.4,33.2
NA,NA,NA,2023,34.80000000000001,26.1
NA,NA,NA,2023,38.9,25
NA,NA,NA,2023,39.5,31.2
NA,NA,NA,2023,35.9,24.2
NA,NA,NA,2023,39.5,31.8
NA,NA,NA,2023,42.6,35.5
NA,NA,NA,2023,38.2,25.9
NA,NA,NA,2023,38.9,26.5
NA,NA,NA,2023,35.30000000000001,25.1
NA,NA,NA,2023,42.8,28.7
NA,NA,NA,2023,31.8,20.1
NA,NA,NA,2023,36.5,26.7
NA,NA,NA,2023,37.4,25.4
NA,NA,NA,2023,36,26
NA,NA,NA,2023,38.4,27.1
NA,NA,NA,2023,38.30000000000001,27.5
NA,NA,NA,2023,39.1,27.4
NA,NA,NA,2023,38.4,29.4
NA,NA,NA,2023,41.8,32.2
NA,NA,NA,2023,30.4,20.3
NA,NA,NA,2023,37.4,28.7
NA,NA,NA,2023,36.5,25.2
NA,NA,NA,2023,36.9,28.8
NA,NA,NA,2023,28.3,21.5
NA,NA,NA,2023,39.30000000000001,28.1
NA,NA,NA,2023,37.2,27.4
NA,NA,NA,2023,38.1,29.3
NA,NA,NA,2023,42.8,34
NA,NA,NA,2023,39.4,32.6
NA,NA,NA,2023,38.1,29.3
NA,NA,NA,2023,40.2,32.5
NA,NA,NA,2023,38.30000000000001,26.6
NA,NA,NA,2023,40.80000000000001,31.3
NA,NA,NA,2023,37.4,26.8
NA,NA,NA,2023,40.9,30.8
NA,NA,NA,2023,36.5,29.1
NA,NA,NA,2023,37.4,24.3
NA,NA,NA,2023,41.4,30.1
NA,NA,NA,2023,40.7,33.5
NA,NA,NA,2023,39.1,28.3
NA,NA,NA,2023,37.9,25.8
NA,NA,NA,2023,41.3,31.8
NA,NA,NA,2023,39,26.1
NA,NA,NA,2023,28.9,18
NA,NA,NA,2023,31.1,21.3
NA,NA,NA,2023,36.6,29.3
NA,NA,NA,2023,35.9,25.4
NA,NA,NA,2023,31.9,18.9
NA,NA,NA,2023,29,17.8
NA,NA,NA,2023,30.6,21
NA,NA,NA,2023,35,21.3
NA,NA,NA,2023,33.4,22.3
NA,NA,NA,2023,33.80000000000001,20.1
NA,NA,NA,2023,30.6,19.9
NA,NA,NA,2023,33.5,20.5
NA,NA,NA,2023,33.7,24.8
NA,NA,NA,2023,27.5,20.3
NA,NA,NA,2023,29.7,20.2
NA,NA,NA,2023,28.3,19.7
NA,NA,NA,2023,19.1,12.6
NA,NA,NA,2023,31.2,21.3
NA,NA,NA,2023,39.9,29.6
NA,NA,NA,2023,30.9,21.5
NA,NA,NA,2023,30.4,19.7
NA,NA,NA,2023,36.6,22.1
NA,NA,NA,2023,27.8,17.4
NA,NA,NA,2023,29.8,18.8
NA,NA,NA,2023,32.4,20.8
NA,NA,NA,2023,29,17.4
NA,NA,NA,2023,33.7,23.7
NA,NA,NA,2023,33.30000000000001,21.9
NA,NA,NA,2023,30.1,19.7
NA,NA,NA,2023,28,18
NA,NA,NA,2023,28.9,19.5
NA,NA,NA,2023,32.1,21.9
NA,NA,NA,2023,26.4,14.4
NA,NA,NA,2023,31.6,22.3
NA,NA,NA,2023,25,16.9
NA,NA,NA,2023,31,21
NA,NA,NA,2023,30.7,23.8
NA,NA,NA,2023,32.5,21.8
NA,NA,NA,2023,28.4,19.4
NA,NA,NA,2023,32.2,22.5
NA,NA,NA,2023,32.2,23.2
NA,NA,NA,2023,29.9,18
NA,NA,NA,2023,36.1,20.5
NA,NA,NA,2023,38.30000000000001,28.8
NA,NA,NA,2023,36.6,23.8
NA,NA,NA,2023,30.9,23.6
NA,NA,NA,2023,29.4,21.8
NA,NA,NA,2023,30.1,22.3
NA,NA,NA,2023,27.9,18.5
NA,NA,NA,2023,30.9,18.6
NA,NA,NA,2023,29.8,20.4
NA,NA,NA,2023,30,22
NA,NA,NA,2023,29.9,20.8
NA,NA,NA,2023,32.30000000000001,20.9
NA,NA,NA,2023,32,24.6
NA,NA,NA,2023,31,20.4
NA,NA,NA,2023,31.6,19.7
NA,NA,NA,2023,34,21
NA,NA,NA,2023,38.6,23.8
NA,NA,NA,2023,33.7,23
NA,NA,NA,2023,38.2,22.8
NA,NA,NA,2023,34.1,20.6
NA,NA,NA,2023,34.7,21.6
NA,NA,NA,2023,36.6,21.9
NA,NA,NA,2023,36.7,22.7
NA,NA,NA,2023,35.4,22.1
NA,NA,NA,2023,35,21.9
NA,NA,NA,2023,33.7,20.1
NA,NA,NA,2023,34.80000000000001,23
NA,NA,NA,2023,35,21.5
NA,NA,NA,2023,37.9,23.1
NA,NA,NA,2023,35.6,20
NA,NA,NA,2023,36.9,22.7
NA,NA,NA,2023,36.1,24.3
NA,NA,NA,2023,34,23.1
NA,NA,NA,2023,36.30000000000001,22.2
NA,NA,NA,2023,36.30000000000001,28
NA,NA,NA,2023,37.4,22.7
NA,NA,NA,2023,35.2,21.9
NA,NA,NA,2023,39.80000000000001,30
NA,NA,NA,2023,31.7,21.9
NA,NA,NA,2023,39.6,28.3
NA,NA,NA,2023,35,23
NA,NA,NA,2023,39.1,23.7
NA,NA,NA,2023,38.7,24.7
NA,NA,NA,2023,35.1,21.3
NA,NA,NA,2023,34.9,23.7
NA,NA,NA,2023,36.5,21.8
NA,NA,NA,2023,35.80000000000001,25.1
NA,NA,NA,2023,38.6,20.4
NA,NA,NA,2023,36.9,23
NA,NA,NA,2023,38.7,23.8
NA,NA,NA,2023,37.1,23.1
NA,NA,NA,2023,36.80000000000001,20
NA,NA,NA,2023,34.7,20
NA,NA,NA,2023,36.5,23.5
NA,NA,NA,2023,35,23.8
NA,NA,NA,2023,39.9,26.8
NA,NA,NA,2023,36.80000000000001,19.3
NA,NA,NA,2023,36.30000000000001,21.8
NA,NA,NA,2023,35.6,24.2
NA,NA,NA,2023,37.9,22.7
NA,NA,NA,2023,35.5,23.4
NA,NA,NA,2023,33.6,20.6
NA,NA,NA,2023,36.2,20.5
NA,NA,NA,2023,34.1,23
NA,NA,NA,2023,33.7,25
NA,NA,NA,2023,36.9,22.4
NA,NA,NA,2023,32.6,24.3
NA,NA,NA,2023,35.80000000000001,23.5
NA,NA,NA,2023,36.2,26.3
NA,NA,NA,2023,37.5,23.4
NA,NA,NA,2023,32.80000000000001,17.7
NA,NA,NA,2023,40.1,22.2
NA,NA,NA,2023,35.30000000000001,22.8
NA,NA,NA,2023,34.5,22.4
NA,NA,NA,2023,34.6,21.9
NA,NA,NA,2023,38,23.9
NA,NA,NA,2023,34.9,21.9
NA,NA,NA,2023,36.4,24.9
NA,NA,NA,2023,35.80000000000001,22.2
NA,NA,NA,2023,37.30000000000001,22.9
NA,NA,NA,2023,35.6,22.9
NA,NA,NA,2023,41.2,23.6
NA,NA,NA,2023,40.30000000000001,26.5
NA,NA,NA,2023,36.5,21.3
NA,NA,NA,2023,36.7,21.8
NA,NA,NA,2023,34.9,21.7
NA,NA,NA,2023,36.1,23.4
NA,NA,NA,2023,33.9,22.9
NA,NA,NA,2023,38.6,21.5
NA,NA,NA,2023,38.9,24.8
NA,NA,NA,2023,36.4,20.2
NA,NA,NA,2023,37.1,27.4
NA,NA,NA,2023,33.4,19
NA,NA,NA,2023,32.80000000000001,20.4
NA,NA,NA,2023,38.1,25.1
NA,NA,NA,2023,34.9,19.6
NA,NA,NA,2023,37.5,25.6
NA,NA,NA,2023,36.5,22.1
NA,NA,NA,2023,36.4,23.7
NA,NA,NA,2023,35.9,20.6
NA,NA,NA,2023,36.9,22.6
NA,NA,NA,2023,34.2,19
NA,NA,NA,2023,42.7,29.6
NA,NA,NA,2023,34.1,21.4
NA,NA,NA,2023,33.80000000000001,18.6
NA,NA,NA,2023,35.7,19.6
NA,NA,NA,2023,39.80000000000001,23.2
NA,NA,NA,2023,34.4,22.4
NA,NA,NA,2023,37.4,21.2
NA,NA,NA,2023,28.1,24.9
NA,NA,NA,2023,33.2,22.4
NA,NA,NA,2023,31.1,26.2
NA,NA,NA,2023,30.1,18.8
NA,NA,NA,2023,32,23.8
NA,NA,NA,2023,35,27.9
NA,NA,NA,2023,34.30000000000001,24.7
NA,NA,NA,2023,31.8,24.1
NA,NA,NA,2023,35.4,26
NA,NA,NA,2023,30.3,22.4
NA,NA,NA,2023,34.4,23.7
NA,NA,NA,2023,37.2,28.9
NA,NA,NA,2023,34.5,25.7
NA,NA,NA,2023,33,24.7
NA,NA,NA,2023,29.1,19.4
NA,NA,NA,2023,26.9,20.4
NA,NA,NA,2023,32.7,24.1
NA,NA,NA,2023,34.4,23.1
NA,NA,NA,2023,30.5,18.6
NA,NA,NA,2023,34,20.6
NA,NA,NA,2023,28.8,19.1
NA,NA,NA,2023,31.1,19
NA,NA,NA,2023,35.5,23.1
NA,NA,NA,2023,31.8,17
NA,NA,NA,2023,29.2,19.9
NA,NA,NA,2023,28.1,16.9
NA,NA,NA,2023,28.9,15.9
NA,NA,NA,2023,29.9,20
NA,NA,NA,2023,32.9,20.1
NA,NA,NA,2023,27.7,20.2
NA,NA,NA,2023,32.4,22.5
NA,NA,NA,2023,22.9,18.2
NA,NA,NA,2023,30,18.4
NA,NA,NA,2023,30.9,21.9
NA,NA,NA,2023,29.4,19.2
NA,NA,NA,2023,35.7,30.8
NA,NA,NA,2023,29.1,25.5
NA,NA,NA,2023,32.1,18.7
NA,NA,NA,2023,25.7,25.2
NA,NA,NA,2023,25.1,14.9
NA,NA,NA,2023,28.4,20.3
NA,NA,NA,2023,23.3,20.3
NA,NA,NA,2023,22.1,18.5
NA,NA,NA,2023,19.9,14.6
NA,NA,NA,2023,30.8,19.8
NA,NA,NA,2023,29.5,27.9
NA,NA,NA,2023,35.30000000000001,24.8
NA,NA,NA,2023,24.3,16
NA,NA,NA,2023,28.2,18
NA,NA,NA,2023,29.5,23.9
NA,NA,NA,2023,30.5,19.7
NA,NA,NA,2023,31.7,22.5
NA,NA,NA,2023,27.5,18.8
NA,NA,NA,2023,29.2,24.6
NA,NA,NA,2023,32.6,27.2
NA,NA,NA,2023,38.80000000000001,28
NA,NA,NA,2023,30.7,23.7
NA,NA,NA,2023,31.6,24.5
NA,NA,NA,2023,30.6,23.9
NA,NA,NA,2023,30.9,25
NA,NA,NA,2023,37.7,24.5
NA,NA,NA,2023,29.1,21.9
NA,NA,NA,2023,31.7,26.2
NA,NA,NA,2023,31.8,23.1
NA,NA,NA,2023,32.4,26.3
NA,NA,NA,2023,35.7,27
NA,NA,NA,2023,29.2,21.1
NA,NA,NA,2023,20.9,11.3
NA,NA,NA,2023,34.30000000000001,29.2
NA,NA,NA,2023,41.1,27.1
NA,NA,NA,2023,33.2,25.1
NA,NA,NA,2023,33.4,23.1
NA,NA,NA,2023,31.1,25.5
NA,NA,NA,2023,33.1,25.9
NA,NA,NA,2023,34.30000000000001,23.6
NA,NA,NA,2023,27.3,18.4
NA,NA,NA,2023,35,23.9
NA,NA,NA,2023,32,27.5
NA,NA,NA,2023,21.6,18.5
NA,NA,NA,2023,34.5,23.1
NA,NA,NA,2023,32.30000000000001,27.3
NA,NA,NA,2023,24.5,20.9
NA,NA,NA,2023,31.6,25.6
NA,NA,NA,2023,31.4,24.5
NA,NA,NA,2023,33.6,23.6
NA,NA,NA,2023,26.5,25.2
NA,NA,NA,2023,26.7,19.7
NA,NA,NA,2023,30.9,24.1
NA,NA,NA,2023,32.1,37.1
NA,NA,NA,2023,36.7,24
NA,NA,NA,2023,32,25.3
NA,NA,NA,2023,33,23.6
NA,NA,NA,2023,33.2,25.7
NA,NA,NA,2023,33,25.2
NA,NA,NA,2023,29.1,23.4
NA,NA,NA,2023,31.1,22.5
NA,NA,NA,2023,31,20.7
NA,NA,NA,2023,29.1,23.2
NA,NA,NA,2023,31.7,23.4
NA,NA,NA,2023,28.5,21.5
NA,NA,NA,2023,29.2,22.2
NA,NA,NA,2023,29.2,22.1
NA,NA,NA,2023,36.30000000000001,27.7
NA,NA,NA,2023,31.1,24.9
NA,NA,NA,2023,28.6,22.8
NA,NA,NA,2023,31.8,24
NA,NA,NA,2023,29.4,24.1
NA,NA,NA,2023,30.8,24.7
NA,NA,NA,2023,32.6,25.2
NA,NA,NA,2023,24.8,27.8
NA,NA,NA,2023,31.3,25.4
NA,NA,NA,2023,30.1,22
NA,NA,NA,2023,28.8,21.1
NA,NA,NA,2023,33.7,22.5
NA,NA,NA,2023,34,27.7
NA,NA,NA,2023,23.9,19.7
NA,NA,NA,2023,19,19.8
NA,NA,NA,2023,30.5,22.3
NA,NA,NA,2023,32.2,24.9
NA,NA,NA,2023,30,21
NA,NA,NA,2023,30.2,20.1
NA,NA,NA,2023,28.7,24.2
NA,NA,NA,2023,33.6,26.4
NA,NA,NA,2023,32.6,24
NA,NA,NA,2023,31.8,20
NA,NA,NA,2023,26.4,18.8
NA,NA,NA,2023,24.7,30.9
NA,NA,NA,2023,26.8,21.7
NA,NA,NA,2023,28.4,26
NA,NA,NA,2023,28.5,21.7
NA,NA,NA,2023,36.1,27
NA,NA,NA,2023,26.3,19.5
NA,NA,NA,2023,27.1,21.7
NA,NA,NA,2023,34.1,23.8
NA,NA,NA,2023,32,24.1
NA,NA,NA,2023,33.7,25.3
NA,NA,NA,2023,31.6,22.9
NA,NA,NA,2023,27.6,21.7
NA,NA,NA,2023,32.9,25.1
NA,NA,NA,2023,29.9,22.2
NA,NA,NA,2023,26.9,18.4
NA,NA,NA,2023,28.5,22.1
NA,NA,NA,2023,28.4,20.9
NA,NA,NA,2023,32.6,23.9
NA,NA,NA,2023,30.8,24.1
NA,NA,NA,2023,21.3,20.6
NA,NA,NA,2023,31.7,23.2
NA,NA,NA,2023,29.8,24.7
NA,NA,NA,2023,33.6,21.9
NA,NA,NA,2023,35.9,24.5
NA,NA,NA,2023,33.7,23.4
NA,NA,NA,2023,34.2,25.9
NA,NA,NA,2023,40,29.1
NA,NA,NA,2023,33.7,22.2
NA,NA,NA,2023,33.6,21.9
NA,NA,NA,2023,35.9,24.5
NA,NA,NA,2023,43.2,30.7
NA,NA,NA,2023,39.7,28
NA,NA,NA,2023,31.4,20
NA,NA,NA,2023,29.7,18.3
NA,NA,NA,2023,32.7,26.4
NA,NA,NA,2023,30.9,21.8
NA,NA,NA,2023,34.4,23.5
NA,NA,NA,2023,31,21.7
NA,NA,NA,2023,31.7,19.6
NA,NA,NA,2023,36.5,25.4
NA,NA,NA,2023,29.9,22
NA,NA,NA,2023,31.2,18.9
NA,NA,NA,2023,32.7,23.5
NA,NA,NA,2023,38,25.3
NA,NA,NA,2023,32.1,21.6
NA,NA,NA,2023,37.4,25.6
NA,NA,NA,2023,41.6,28.1
NA,NA,NA,2023,33.80000000000001,21.5
NA,NA,NA,2023,37.5,24.7
NA,NA,NA,2023,31.8,20.3
NA,NA,NA,2023,28.3,18.4
NA,NA,NA,2023,34.1,23.5
NA,NA,NA,2023,32,21.1
NA,NA,NA,2023,39.4,28.4
NA,NA,NA,2023,35.6,20.8
NA,NA,NA,2023,40.1,29.2
NA,NA,NA,2023,33.2,20.8
NA,NA,NA,2023,35.5,23.4
NA,NA,NA,2023,32.1,23.9
NA,NA,NA,2023,38.6,24.8
NA,NA,NA,2023,33.4,23.5
NA,NA,NA,2023,34.5,23.8
NA,NA,NA,2023,38.7,29.1
NA,NA,NA,2023,35.80000000000001,21.9
NA,NA,NA,2023,43.2,29.9
NA,NA,NA,2023,41,25.5
NA,NA,NA,2023,34.1,21
NA,NA,NA,2023,34.4,19.8
NA,NA,NA,2023,41.4,29.3
NA,NA,NA,2023,40,25.5
NA,NA,NA,2023,36.80000000000001,27.4
NA,NA,NA,2023,31.2,19.3
NA,NA,NA,2023,35,21.5
NA,NA,NA,2023,34.6,23.2
NA,NA,NA,2023,40.7,27.8
NA,NA,NA,2023,34.1,23.6
NA,NA,NA,2023,40.6,28.8
NA,NA,NA,2023,32.30000000000001,21.8
NA,NA,NA,2023,34,24
NA,NA,NA,2023,32.6,22.2
NA,NA,NA,2023,32.2,21.2
NA,NA,NA,2023,38.1,28.2
NA,NA,NA,2023,29.2,20
NA,NA,NA,2023,30.6,21.8
NA,NA,NA,2023,35.1,26.6
NA,NA,NA,2023,30.5,19
NA,NA,NA,2023,38.4,25.4
NA,NA,NA,2023,27.7,19.1
NA,NA,NA,2023,40.5,29.2
NA,NA,NA,2023,33.7,23
NA,NA,NA,2023,27.2,16.4
NA,NA,NA,2023,33.9,23.4
NA,NA,NA,2023,38.5,24.3
NA,NA,NA,2023,30.9,22.3
NA,NA,NA,2023,34.4,22.9
NA,NA,NA,2023,36.7,24.7
NA,NA,NA,2023,35.80000000000001,23.5
NA,NA,NA,2023,32.2,20.1
NA,NA,NA,2023,35.7,23.8
NA,NA,NA,2023,36.7,26.9
NA,NA,NA,2023,44.2,30.7
NA,NA,NA,2023,35.9,25.1
NA,NA,NA,2023,36.4,25.4
NA,NA,NA,2023,32.7,25
NA,NA,NA,2023,35.5,28.7
NA,NA,NA,2023,38.6,29.5
NA,NA,NA,2023,38.4,23.5
NA,NA,NA,2023,36.1,23.7
NA,NA,NA,2023,32.2,24.9
NA,NA,NA,2023,35.9,24.5
NA,NA,NA,2023,28.8,20.6
NA,NA,NA,2023,38.7,28.2
NA,NA,NA,2023,30,19.8
NA,NA,NA,2023,39.80000000000001,28.7
NA,NA,NA,2023,28.1,16.2
NA,NA,NA,2023,41.9,28.4
NA,NA,NA,2023,42.4,29.1
NA,NA,NA,2023,31.4,20.8
NA,NA,NA,2023,38.9,25.9
NA,NA,NA,2023,37.4,25
NA,NA,NA,2023,41.5,28.3
NA,NA,NA,2023,33.1,23.3
NA,NA,NA,2023,33.4,22.5
NA,NA,NA,2023,33.6,24.6
NA,NA,NA,2023,34,25.2
NA,NA,NA,2023,35.80000000000001,22.1
NA,NA,NA,2023,41.6,32.80000000000001
NA,NA,NA,2023,32.4,23.1
NA,NA,NA,2023,36.6,22.5
NA,NA,NA,2023,33.80000000000001,24.3
NA,NA,NA,2023,32.80000000000001,22.2
NA,NA,NA,2023,31.9,20.4
NA,NA,NA,2023,33.9,22.1
NA,NA,NA,2023,33.2,24.1
NA,NA,NA,2023,33.9,22.1
NA,NA,NA,2023,34.9,26
NA,NA,NA,2023,35.30000000000001,24.6
NA,NA,NA,2023,37.6,25
NA,NA,NA,2023,34.4,25.6
NA,NA,NA,2023,36.2,23.4
NA,NA,NA,2023,36.1,24.3
NA,NA,NA,2023,34.5,23.9
NA,NA,NA,2023,36,24.5
NA,NA,NA,2023,33.80000000000001,22.3
NA,NA,NA,2023,35.9,25.7
NA,NA,NA,2023,36.5,26.8
NA,NA,NA,2023,35.6,24.4
NA,NA,NA,2023,33.2,24.6
NA,NA,NA,2023,36.9,23.1
NA,NA,NA,2023,36,26.9
NA,NA,NA,2023,34.9,24.6
NA,NA,NA,2023,35.4,23.6
NA,NA,NA,2023,35.6,23.2
NA,NA,NA,2023,35.80000000000001,20.4
NA,NA,NA,2023,36.6,27.1
NA,NA,NA,2023,34.6,23.9
NA,NA,NA,2023,35.4,23.8
NA,NA,NA,2023,36.5,25.4
NA,NA,NA,2023,34.5,23.7
NA,NA,NA,2023,33.80000000000001,25.5
NA,NA,NA,2023,37.4,25.4
NA,NA,NA,2023,35.5,22.4
NA,NA,NA,2023,36.2,23.1
NA,NA,NA,2023,49.1,33.2
NA,NA,NA,2023,32.6,23
NA,NA,NA,2023,34.4,24.9
NA,NA,NA,2023,47,38.1
NA,NA,NA,2023,32.7,23.7
NA,NA,NA,2023,27.9,23
NA,NA,NA,2023,33.80000000000001,20.9
NA,NA,NA,2023,33.6,23.8
NA,NA,NA,2023,37.1,27.4
NA,NA,NA,2023,32.6,21.4
NA,NA,NA,2023,33.2,29
NA,NA,NA,2023,36.5,23.8
NA,NA,NA,2023,33.9,24.5
NA,NA,NA,2023,35.4,23.1
NA,NA,NA,2023,35.80000000000001,23.5
NA,NA,NA,2023,41.7,32.5
NA,NA,NA,2023,39.1,28
NA,NA,NA,2023,37.30000000000001,27
NA,NA,NA,2023,41.7,30.1
NA,NA,NA,2023,40.30000000000001,28.2
NA,NA,NA,2023,37.1,25.9
NA,NA,NA,2023,39.1,28.2
NA,NA,NA,2023,37.6,28.9
NA,NA,NA,2023,35.9,25.6
NA,NA,NA,2023,38.1,27.7
NA,NA,NA,2023,40.80000000000001,26.1
NA,NA,NA,2023,36.7,29
NA,NA,NA,2023,37,26.4
NA,NA,NA,2023,38.6,27.3
NA,NA,NA,2023,38.4,26.8
NA,NA,NA,2023,39.6,30.1
NA,NA,NA,2023,37.9,30.5
NA,NA,NA,2023,34.9,23.1
NA,NA,NA,2023,38.30000000000001,27.2
NA,NA,NA,2023,35.80000000000001,28.1
NA,NA,NA,2023,31.6,17.8
NA,NA,NA,2023,38.2,24.8
NA,NA,NA,2023,39,25.8
NA,NA,NA,2023,44.6,31.2
NA,NA,NA,2023,36.1,22.9
NA,NA,NA,2023,36.5,26.3
NA,NA,NA,2023,40.6,30.8
NA,NA,NA,2023,34.6,20.7
NA,NA,NA,2023,34.5,21
NA,NA,NA,2023,38.2,29.5
NA,NA,NA,2023,36.1,24.9
NA,NA,NA,2023,35.1,24.8
NA,NA,NA,2023,37.2,28.7
NA,NA,NA,2023,41.1,29
NA,NA,NA,2023,38.1,27.6
NA,NA,NA,2023,40,30.5
NA,NA,NA,2023,37.6,28.8
NA,NA,NA,2023,36.9,31.9
NA,NA,NA,2023,43.8,28.4
NA,NA,NA,2023,40.6,32.5
NA,NA,NA,2023,39.4,29.1
NA,NA,NA,2023,40.4,25.1
NA,NA,NA,2023,37,21.3
NA,NA,NA,2023,40.30000000000001,33.1
NA,NA,NA,2023,37.30000000000001,25.3
NA,NA,NA,2023,34.30000000000001,26.2
NA,NA,NA,2023,38.7,24.9
NA,NA,NA,2023,37.80000000000001,26.3
NA,NA,NA,2023,39.6,26.4
NA,NA,NA,2023,36.2,28.9
NA,NA,NA,2023,40.2,30.2
NA,NA,NA,2023,36.2,21.5
NA,NA,NA,2023,41.4,30.7
NA,NA,NA,2023,33.9,25.9
NA,NA,NA,2023,34.6,25.1
NA,NA,NA,2023,38.80000000000001,28.3
NA,NA,NA,2023,40.30000000000001,27.2
NA,NA,NA,2023,40,31.8
NA,NA,NA,2023,38.80000000000001,28.1
NA,NA,NA,2023,38.1,30.1
NA,NA,NA,2023,37.2,28.1
NA,NA,NA,2023,33.2,24.3
NA,NA,NA,2023,37.9,26.4
NA,NA,NA,2023,36.7,29.8
NA,NA,NA,2023,39.5,28.8
NA,NA,NA,2023,40.9,30.1
NA,NA,NA,2023,35.1,24.3
NA,NA,NA,2023,37.4,25.8
NA,NA,NA,2023,34.80000000000001,24.4
NA,NA,NA,2023,39.30000000000001,27.7
NA,NA,NA,2023,37.9,29.5
NA,NA,NA,2023,35.7,28.7
NA,NA,NA,2023,46.7,33.4
NA,NA,NA,2023,37.6,28.5
NA,NA,NA,2023,38.6,27.1
NA,NA,NA,2023,38.80000000000001,26.2
NA,NA,NA,2023,34.1,24.3
NA,NA,NA,2023,41.7,28.6
NA,NA,NA,2023,36,28.9
NA,NA,NA,2023,35.2,23.5
NA,NA,NA,2023,39.2,24.5
NA,NA,NA,2023,38.6,32.2
NA,NA,NA,2023,35.9,19.9
NA,NA,NA,2023,37.6,27
NA,NA,NA,2023,39.9,27.1
NA,NA,NA,2023,40.1,26
NA,NA,NA,2023,39.7,25
NA,NA,NA,2023,39.1,26.5
NA,NA,NA,2023,37.1,27.9
NA,NA,NA,2023,44.9,37.6
NA,NA,NA,2023,36,26.9
NA,NA,NA,2023,42.6,32.5
NA,NA,NA,2023,37.4,29.1
NA,NA,NA,2023,38.1,30.3
NA,NA,NA,2023,39.80000000000001,31
NA,NA,NA,2023,38.7,30.5
NA,NA,NA,2023,42.6,32.30000000000001
NA,NA,NA,2023,34.9,25.2
NA,NA,NA,2023,41.3,30
NA,NA,NA,2023,39.4,30.2
NA,NA,NA,2023,40,34.9
NA,NA,NA,2023,38.4,30.2
NA,NA,NA,2023,31,25.2
NA,NA,NA,2023,40.4,33.80000000000001
NA,NA,NA,2023,39.30000000000001,31.2
NA,NA,NA,2023,41,31.2
NA,NA,NA,2023,43.5,32.80000000000001
NA,NA,NA,2023,36.30000000000001,29.4
NA,NA,NA,2023,37.80000000000001,30.2
NA,NA,NA,2023,40.2,33.2
NA,NA,NA,2023,38.6,28.8
NA,NA,NA,2023,39.7,29.7
NA,NA,NA,2023,37.9,29.6
NA,NA,NA,2023,40.30000000000001,32
NA,NA,NA,2023,38.30000000000001,27.9
NA,NA,NA,2023,35.2,27.4
NA,NA,NA,2023,42.4,31.3
NA,NA,NA,2023,40.7,33.4
NA,NA,NA,2023,38.9,31.8
NA,NA,NA,2023,40.9,33
NA,NA,NA,2023,42.4,33.4
NA,NA,NA,2023,37.80000000000001,31.2
NA,NA,NA,2023,39.80000000000001,33.2
NA,NA,NA,2023,38.9,31.2
NA,NA,NA,2023,40.9,29.7
NA,NA,NA,2023,36.80000000000001,27.3
NA,NA,NA,2023,39.80000000000001,32.80000000000001
NA,NA,NA,2023,41.3,31.3
NA,NA,NA,2023,45,34.1
NA,NA,NA,2023,43.3,29.3
NA,NA,NA,2023,38.1,26.8
NA,NA,NA,2023,40.7,33
NA,NA,NA,2023,35,25.6
NA,NA,NA,2023,42,35.6
NA,NA,NA,2023,38.9,32.7
NA,NA,NA,2023,38.5,27.7
NA,NA,NA,2023,36.6,32
NA,NA,NA,2023,38.4,31.9
NA,NA,NA,2023,39.1,31.7
NA,NA,NA,2023,41,32.4
NA,NA,NA,2023,38.30000000000001,27.6
NA,NA,NA,2023,40.30000000000001,30.4
NA,NA,NA,2023,44.1,36.1
NA,NA,NA,2023,36.5,27.3
NA,NA,NA,2023,43.7,32.6
NA,NA,NA,2023,42.1,29.9
NA,NA,NA,2023,40,32.30000000000001
NA,NA,NA,2023,39.4,29.7
NA,NA,NA,2023,37.4,27.4
NA,NA,NA,2023,36.80000000000001,32.1
NA,NA,NA,2023,40,28.7
NA,NA,NA,2023,39.1,30.5
NA,NA,NA,2023,41.8,33.2
NA,NA,NA,2023,37.30000000000001,29.1
NA,NA,NA,2023,35.4,25.8
NA,NA,NA,2023,41.4,33.4
NA,NA,NA,2023,40.30000000000001,35.7
NA,NA,NA,2023,41,31.7
NA,NA,NA,2023,42.8,34.80000000000001
NA,NA,NA,2023,42,35.30000000000001
NA,NA,NA,2023,36.7,27.9
NA,NA,NA,2023,36.1,26.8
NA,NA,NA,2023,35.80000000000001,27.3
NA,NA,NA,2023,37.80000000000001,28
NA,NA,NA,2023,35.5,27.7
NA,NA,NA,2023,39.6,28.8
NA,NA,NA,2023,28.3,17.6
NA,NA,NA,2023,28,18
NA,NA,NA,2023,28.5,15.9
NA,NA,NA,2023,25.8,14.8
NA,NA,NA,2023,28.5,17.8
NA,NA,NA,2023,30.2,19.1
NA,NA,NA,2023,34,20.9
NA,NA,NA,2023,29.8,19.8
NA,NA,NA,2023,28.9,18.6
NA,NA,NA,2023,27.5,15.8
NA,NA,NA,2023,31,22.4
NA,NA,NA,2023,30.9,20.6
NA,NA,NA,2023,31.1,19.9
NA,NA,NA,2023,30.2,19.4
NA,NA,NA,2023,27.6,19.2
NA,NA,NA,2023,26.8,18.3
NA,NA,NA,2023,34.4,21.4
NA,NA,NA,2023,30.4,21.2
NA,NA,NA,2023,30.5,22.6
NA,NA,NA,2023,31.6,21.3
NA,NA,NA,2023,30.1,17.9
NA,NA,NA,2023,32.4,19.4
NA,NA,NA,2023,33.30000000000001,19.7
NA,NA,NA,2023,32.6,24.7
NA,NA,NA,2023,35.5,21.4
NA,NA,NA,2023,36.9,26.5
NA,NA,NA,2023,25.7,16.2
NA,NA,NA,2023,35.5,17.9
NA,NA,NA,2023,29.4,19.1
NA,NA,NA,2023,32,18.8
NA,NA,NA,2023,33.6,22.4
NA,NA,NA,2023,32.2,19.4
NA,NA,NA,2023,29.6,17
NA,NA,NA,2023,29.4,20
NA,NA,NA,2023,27.6,16.9
NA,NA,NA,2023,31.5,20.1
NA,NA,NA,2023,30.8,17.8
NA,NA,NA,2023,31.6,23.4
NA,NA,NA,2023,33.5,22.2
NA,NA,NA,2023,32.9,20.6
NA,NA,NA,2023,39.80000000000001,23.9
NA,NA,NA,2023,34.5,21.9
NA,NA,NA,2023,34,25.9
NA,NA,NA,2023,37.30000000000001,25.1
NA,NA,NA,2023,31.5,22.4
NA,NA,NA,2023,36.1,25
NA,NA,NA,2023,25.5,19.4
NA,NA,NA,2023,32.80000000000001,19.9
NA,NA,NA,2023,33.2,23.9
NA,NA,NA,2023,36.2,27
NA,NA,NA,2023,31.2,24.2
NA,NA,NA,2023,31.2,20.9
NA,NA,NA,2023,29.9,18
NA,NA,NA,2023,36.5,24.6
NA,NA,NA,2023,33.9,25
NA,NA,NA,2023,35.4,25.4
NA,NA,NA,2023,34.7,23
NA,NA,NA,2023,32.1,24.9
NA,NA,NA,2023,32.1,19.7
NA,NA,NA,2023,32,24.1
NA,NA,NA,2023,30,21.5
NA,NA,NA,2023,31.5,23
NA,NA,NA,2023,38.1,23.1
NA,NA,NA,2023,34.5,25.8
NA,NA,NA,2023,40.30000000000001,28.4
NA,NA,NA,2023,40,23.2
NA,NA,NA,2023,35.9,23.8
NA,NA,NA,2023,36.4,24.5
NA,NA,NA,2023,36.7,24.8
NA,NA,NA,2023,35.5,24.3
NA,NA,NA,2023,39,26
NA,NA,NA,2023,34.7,25.6
NA,NA,NA,2023,31.9,24
NA,NA,NA,2023,33.80000000000001,22.5
NA,NA,NA,2023,37.2,24.1
NA,NA,NA,2023,36.30000000000001,25.3
NA,NA,NA,2023,36.4,24.7
NA,NA,NA,2023,35.5,24.4
NA,NA,NA,2023,34.6,23.5
NA,NA,NA,2023,36.7,24.7
NA,NA,NA,2023,33.5,23.7
NA,NA,NA,2023,35.30000000000001,27.5
NA,NA,NA,2023,32.30000000000001,24.2
NA,NA,NA,2023,28,18.1
NA,NA,NA,2023,32.2,22.5
NA,NA,NA,2023,31.3,21.2
NA,NA,NA,2023,36.7,24.5
NA,NA,NA,2023,33.6,23.8
NA,NA,NA,2023,30.5,29.7
NA,NA,NA,2023,34.80000000000001,24.2
NA,NA,NA,2023,36.4,24.9
NA,NA,NA,2023,36.4,26.6
NA,NA,NA,2023,37.9,24.4
NA,NA,NA,2023,35.4,25.5
NA,NA,NA,2023,34.7,24.4
NA,NA,NA,2023,34.9,24.3
NA,NA,NA,2023,34.80000000000001,24.2
NA,NA,NA,2023,35.30000000000001,23.9
NA,NA,NA,2023,35.4,24.9
NA,NA,NA,2023,35,24.4
NA,NA,NA,2023,32.5,19.8
NA,NA,NA,2023,31.1,23.9
NA,NA,NA,2023,34.80000000000001,21.2
NA,NA,NA,2023,34.6,23.3
NA,NA,NA,2023,33.6,22.8
NA,NA,NA,2023,30.6,22.9
NA,NA,NA,2023,25.3,16.2
NA,NA,NA,2023,31.5,17.9
NA,NA,NA,2023,24.9,15.4
NA,NA,NA,2023,33,26.7
NA,NA,NA,2023,24.7,15.9
NA,NA,NA,2023,36.7,25.6
NA,NA,NA,2023,38.5,29.1
NA,NA,NA,2023,37.30000000000001,25.9
NA,NA,NA,2023,46,36.1
NA,NA,NA,2023,40.2,24.6
NA,NA,NA,2023,42.6,30.8
NA,NA,NA,2023,41,32.80000000000001
NA,NA,NA,2023,29.1,19.4
NA,NA,NA,2023,37.9,24.6
NA,NA,NA,2023,39.80000000000001,27.9
NA,NA,NA,2023,30,19.2
NA,NA,NA,2023,39.4,29
NA,NA,NA,2023,41.9,30.8
NA,NA,NA,2023,42.8,32.80000000000001
NA,NA,NA,2023,41.9,31
NA,NA,NA,2023,39.5,30
NA,NA,NA,2023,42.2,30.9
NA,NA,NA,2023,43.6,34.4
NA,NA,NA,2023,36.2,23.6
NA,NA,NA,2023,40.9,29.3
NA,NA,NA,2023,41.5,31.7
NA,NA,NA,2023,41.5,30.8
NA,NA,NA,2023,35,25.7
NA,NA,NA,2023,32.7,22.6
NA,NA,NA,2023,44.5,28.6
NA,NA,NA,2023,41.1,32.4
NA,NA,NA,2023,34.80000000000001,25.4
NA,NA,NA,2023,40.6,29.1
NA,NA,NA,2023,40.30000000000001,26.4
NA,NA,NA,2023,36.2,23.8
NA,NA,NA,2023,35.1,32.1
NA,NA,NA,2023,44.3,34.1
NA,NA,NA,2023,36.9,25.7
NA,NA,NA,2023,44,28.3
NA,NA,NA,2023,45.9,33.80000000000001
NA,NA,NA,2023,46.2,36.9
NA,NA,NA,2023,40.4,29.1
NA,NA,NA,2023,35.7,24.7
NA,NA,NA,2023,44.2,31.2
NA,NA,NA,2023,30.9,24.7
NA,NA,NA,2023,37.9,25.1
NA,NA,NA,2023,42,32.4
NA,NA,NA,2023,36.30000000000001,26.7
NA,NA,NA,2023,41.1,29.2
NA,NA,NA,2023,39,31
NA,NA,NA,2023,44.2,34
NA,NA,NA,2023,35.1,23
NA,NA,NA,2023,33.4,21.6
NA,NA,NA,2023,33.4,21.4
NA,NA,NA,2023,35.30000000000001,24.9
NA,NA,NA,2023,38.5,28.8
NA,NA,NA,2023,37,23.8
NA,NA,NA,2023,33,20.9
NA,NA,NA,2023,32.1,22
NA,NA,NA,2023,34.6,22.7
NA,NA,NA,2023,42.2,37.2
NA,NA,NA,2023,33.80000000000001,23.3
NA,NA,NA,2023,31.6,20
NA,NA,NA,2023,36.80000000000001,26.7
NA,NA,NA,2023,34.9,22.4
NA,NA,NA,2023,34.6,21.1
NA,NA,NA,2023,34.1,23.9
NA,NA,NA,2023,43.5,34.80000000000001
NA,NA,NA,2023,33.2,22.3
NA,NA,NA,2023,34.5,22.5
NA,NA,NA,2023,36.4,24.4
NA,NA,NA,2023,33.9,21.5
NA,NA,NA,2023,44.7,33.30000000000001
NA,NA,NA,2023,35.4,22.3
NA,NA,NA,2023,32.9,21.8
NA,NA,NA,2023,35.30000000000001,24.7
NA,NA,NA,2023,34.5,22.4
NA,NA,NA,2023,34.4,23
NA,NA,NA,2023,36.2,23.9
NA,NA,NA,2023,37.80000000000001,26.7
NA,NA,NA,2023,32.80000000000001,21.5
NA,NA,NA,2023,32.9,20.7
NA,NA,NA,2023,34.7,21.9
NA,NA,NA,2023,32.5,19.8
NA,NA,NA,2023,34.5,20.7
NA,NA,NA,2023,31.4,22.3
NA,NA,NA,2023,32.30000000000001,20.5
NA,NA,NA,2023,39.5,31.9
NA,NA,NA,2023,33.5,21.1
NA,NA,NA,2023,32.1,20.3
NA,NA,NA,2023,33,21.9
NA,NA,NA,2023,32.1,21
NA,NA,NA,2023,28.9,20.1
NA,NA,NA,2023,32.80000000000001,20
NA,NA,NA,2023,38.30000000000001,26.7
NA,NA,NA,2023,33.4,21.2
NA,NA,NA,2023,35.80000000000001,24.1
NA,NA,NA,2023,33,20
NA,NA,NA,2023,29.4,21.2
NA,NA,NA,2023,42.6,34.80000000000001
NA,NA,NA,2023,33.1,22.8
NA,NA,NA,2023,30.5,19.7
NA,NA,NA,2023,31.6,21.9
NA,NA,NA,2023,46,39.6
NA,NA,NA,2023,33.7,21.3
NA,NA,NA,2023,34,21.4
NA,NA,NA,2023,33.7,21.9
NA,NA,NA,2023,40,28.3
NA,NA,NA,2023,34.7,22.3
NA,NA,NA,2023,34.5,20.7
NA,NA,NA,2023,33.80000000000001,18.7
NA,NA,NA,2023,33.2,20.9
NA,NA,NA,2023,48.9,40.30000000000001
NA,NA,NA,2023,38,27
NA,NA,NA,2023,33,21.8
NA,NA,NA,2023,37.2,20
NA,NA,NA,2023,33.5,23.4
NA,NA,NA,2023,37.7,21.8
NA,NA,NA,2023,47.4,35.5
NA,NA,NA,2023,35.80000000000001,23.6
NA,NA,NA,2023,35.5,25.3
NA,NA,NA,2023,37.4,27.8
NA,NA,NA,2023,38.4,29
NA,NA,NA,2023,36.2,28.8
NA,NA,NA,2023,35.5,23.7
NA,NA,NA,2023,38.9,27.7
NA,NA,NA,2023,37.5,30.3
NA,NA,NA,2023,35.5,26.4
NA,NA,NA,2023,38.4,26.7
NA,NA,NA,2023,38.7,28
NA,NA,NA,2023,33.9,24.1
NA,NA,NA,2023,39,26.4
NA,NA,NA,2023,36.30000000000001,27.6
NA,NA,NA,2023,40.4,31.3
NA,NA,NA,2023,38.2,29
NA,NA,NA,2023,37.6,26.5
NA,NA,NA,2023,40.4,28.9
NA,NA,NA,2023,36.7,24.8
NA,NA,NA,2023,32.4,22.1
NA,NA,NA,2023,42.4,29.3
NA,NA,NA,2023,39.4,27.7
NA,NA,NA,2023,36.4,25.4
NA,NA,NA,2023,39.9,27.4
NA,NA,NA,2023,38.5,25.7
NA,NA,NA,2023,37,28
NA,NA,NA,2023,39.6,25
NA,NA,NA,2023,36.7,27.7
NA,NA,NA,2023,38,26
NA,NA,NA,2023,37.80000000000001,28
NA,NA,NA,2023,38,28.4
NA,NA,NA,2023,37.5,28
NA,NA,NA,2023,37.6,28.4
NA,NA,NA,2023,31.1,22.7
NA,NA,NA,2023,40.6,31.7
NA,NA,NA,2023,44.9,32.2
NA,NA,NA,2023,36.7,28.2
NA,NA,NA,2023,38.7,26.2
NA,NA,NA,2023,45.9,33.2
NA,NA,NA,2023,39.9,27.5
NA,NA,NA,2023,38.1,27.7
NA,NA,NA,2023,37.1,28.1
NA,NA,NA,2023,37.5,27.7
NA,NA,NA,2023,35.1,27.4
NA,NA,NA,2023,37.7,27.8
NA,NA,NA,2023,35.9,25.9
NA,NA,NA,2023,38.1,29.8
NA,NA,NA,2023,34.7,22
NA,NA,NA,2023,42.5,33.30000000000001
NA,NA,NA,2023,42,33.4
NA,NA,NA,2023,38.4,27.7
NA,NA,NA,2023,38.80000000000001,28.6
NA,NA,NA,2023,37.2,25.6
NA,NA,NA,2023,36,22.8
NA,NA,NA,2023,35.2,27.1
NA,NA,NA,2023,39.30000000000001,30
NA,NA,NA,2023,38.2,30.1
NA,NA,NA,2023,43.1,26.7
NA,NA,NA,2023,36.9,27.8
NA,NA,NA,2023,36.2,26.5
NA,NA,NA,2023,39.30000000000001,24.2
NA,NA,NA,2023,36.4,26.9
NA,NA,NA,2023,35.6,27.5
NA,NA,NA,2023,38,24.8
NA,NA,NA,2023,35,25
NA,NA,NA,2023,38.1,29.2
NA,NA,NA,2023,38.7,29.7
NA,NA,NA,2023,38.4,29.3
NA,NA,NA,2023,37.9,30.6
NA,NA,NA,2023,38.30000000000001,29.1
NA,NA,NA,2023,37.6,26.3
NA,NA,NA,2023,38.6,27.1
NA,NA,NA,2023,37.9,26.7
NA,NA,NA,2023,36.6,24.6
NA,NA,NA,2023,34.4,24.8
NA,NA,NA,2023,39,22
NA,NA,NA,2023,37.9,30.4
NA,NA,NA,2023,39.1,27.8
NA,NA,NA,2023,35.6,27.2
NA,NA,NA,2023,38.30000000000001,26.1
NA,NA,NA,2023,37,27
NA,NA,NA,2023,36.5,25
NA,NA,NA,2023,33.5,24.5
NA,NA,NA,2023,36.9,23.8
NA,NA,NA,2023,38.9,26.5
NA,NA,NA,2023,37,25.2
NA,NA,NA,2023,35,26.8
NA,NA,NA,2023,37,28.2
NA,NA,NA,2023,37,29.1
NA,NA,NA,2023,36.7,28.7
NA,NA,NA,2023,34.7,23.2
NA,NA,NA,2023,38.6,28.7
NA,NA,NA,2023,38.9,27
NA,NA,NA,2023,36.80000000000001,27.5
NA,NA,NA,2023,28,16.8
NA,NA,NA,2023,32.6,21.3
NA,NA,NA,2023,35.80000000000001,25.4
NA,NA,NA,2023,39.4,28.2
NA,NA,NA,2023,38.2,29.3
NA,NA,NA,2023,40.6,28.6
NA,NA,NA,2023,35.5,27.7
NA,NA,NA,2023,35.2,23
NA,NA,NA,2023,33.30000000000001,20.7
NA,NA,NA,2023,38.2,31.5
NA,NA,NA,2023,36.30000000000001,26
NA,NA,NA,2023,38.5,29.9
NA,NA,NA,2023,35.1,24.1
NA,NA,NA,2023,35.7,26.4
NA,NA,NA,2023,35.80000000000001,24.6
NA,NA,NA,2023,41.2,32
NA,NA,NA,2023,39,25.4
NA,NA,NA,2023,39.7,25.3
NA,NA,NA,2023,35.2,22.9
NA,NA,NA,2023,31.4,18.1
NA,NA,NA,2023,35.7,25.7
NA,NA,NA,2023,38.2,26.5
NA,NA,NA,2023,38.9,26
NA,NA,NA,2023,36.7,24.6
NA,NA,NA,2023,35.80000000000001,25.1
NA,NA,NA,2023,39,29.3
NA,NA,NA,2023,45.3,40.6
NA,NA,NA,2023,38.80000000000001,25.9
NA,NA,NA,2023,36.2,25.3
NA,NA,NA,2023,34.7,25.1
NA,NA,NA,2023,39.9,31.7
NA,NA,NA,2023,38.80000000000001,28.1
NA,NA,NA,2023,37.1,23.8
NA,NA,NA,2023,42.7,33.1
NA,NA,NA,2023,38.5,27.7
NA,NA,NA,2023,34.5,21
NA,NA,NA,2023,36.9,27.3
NA,NA,NA,2023,38.2,31
NA,NA,NA,2023,35.9,23.7
NA,NA,NA,2023,41.8,31.2
NA,NA,NA,2023,39.30000000000001,29
NA,NA,NA,2023,33.7,22.2
NA,NA,NA,2023,43.6,37.4
NA,NA,NA,2023,36.2,25.8
NA,NA,NA,2023,35.30000000000001,25.7
NA,NA,NA,2023,28,19.1
NA,NA,NA,2023,38.7,29.7
NA,NA,NA,2023,40.30000000000001,28.3
NA,NA,NA,2023,33.7,21.3
NA,NA,NA,2023,35,26
NA,NA,NA,2023,37.5,30.3
NA,NA,NA,2023,35.6,24.4
NA,NA,NA,2023,36.2,26.7
NA,NA,NA,2023,40.30000000000001,30.9
NA,NA,NA,2023,37,28.6
NA,NA,NA,2023,38.5,32.9
NA,NA,NA,2023,39.6,33.2
NA,NA,NA,2023,44.6,39.2
NA,NA,NA,2023,39.4,33.30000000000001
NA,NA,NA,2023,36,28.3
NA,NA,NA,2023,42,36.1
NA,NA,NA,2023,40.4,34.5
NA,NA,NA,2023,36.7,25
NA,NA,NA,2023,30.2,20.3
NA,NA,NA,2023,39.1,29.7
NA,NA,NA,2023,38.1,28.9
NA,NA,NA,2023,45.7,42.7
NA,NA,NA,2023,36.80000000000001,24
NA,NA,NA,2023,42,36.4
NA,NA,NA,2023,38.4,27.7
NA,NA,NA,2023,39.6,31.1
NA,NA,NA,2023,40.6,34.30000000000001
NA,NA,NA,2023,34.7,24
NA,NA,NA,2023,37.7,30.3
NA,NA,NA,2023,34.30000000000001,23.8
NA,NA,NA,2023,40.80000000000001,31.9
NA,NA,NA,2023,35.2,25.2
NA,NA,NA,2023,36.7,24.6
NA,NA,NA,2023,37.80000000000001,25.2
NA,NA,NA,2023,39.1,31.3
NA,NA,NA,2023,37.9,28.3
NA,NA,NA,2023,30.6,21.6
NA,NA,NA,2023,34.1,21.1
NA,NA,NA,2023,38.1,27.6
NA,NA,NA,2023,40.80000000000001,36.30000000000001
NA,NA,NA,2023,36.2,30.8
NA,NA,NA,2023,35.6,23.3
NA,NA,NA,2023,40,32.30000000000001
NA,NA,NA,2023,34.6,22
NA,NA,NA,2023,37.80000000000001,28.7
NA,NA,NA,2023,38.2,27.5
NA,NA,NA,2023,40.7,31.6
NA,NA,NA,2023,38.9,28.7
NA,NA,NA,2023,37,24.7
NA,NA,NA,2023,38.7,28.5
NA,NA,NA,2023,39.7,28.9
NA,NA,NA,2023,37.9,25.6
NA,NA,NA,2023,38.2,32.5
NA,NA,NA,2023,40.4,31.6
NA,NA,NA,2023,36.2,26.3
NA,NA,NA,2023,38.6,30.3
NA,NA,NA,2023,38,27.5
NA,NA,NA,2023,37.1,25.7
NA,NA,NA,2023,37.7,28.7
NA,NA,NA,2023,38.5,25.9
NA,NA,NA,2023,35.9,23.4
NA,NA,NA,2023,37.1,31
NA,NA,NA,2023,31.9,22.4
NA,NA,NA,2023,34.5,24.9
NA,NA,NA,2023,39.6,27.2
NA,NA,NA,2023,42.9,33.4
NA,NA,NA,2023,37.1,26.2
NA,NA,NA,2023,39.4,30.5
NA,NA,NA,2023,32.80000000000001,22
NA,NA,NA,2023,36.7,26.1
NA,NA,NA,2023,41.6,30.1
NA,NA,NA,2023,39,29.6
NA,NA,NA,2023,42.5,39.80000000000001
NA,NA,NA,2023,37.2,26.3
NA,NA,NA,2023,36.80000000000001,26.3
NA,NA,NA,2023,34.9,23.6
NA,NA,NA,2023,37.80000000000001,28
NA,NA,NA,2023,36.30000000000001,28.1
NA,NA,NA,2023,39.1,29.4
NA,NA,NA,2023,38.4,29.2
NA,NA,NA,2023,39.80000000000001,28.7
NA,NA,NA,2023,43.1,39.4
NA,NA,NA,2023,40.80000000000001,33
NA,NA,NA,2023,37.2,25.3
NA,NA,NA,2023,41.1,29.7
NA,NA,NA,2023,39.5,31.3
NA,NA,NA,2023,36.1,25
NA,NA,NA,2023,33.2,19.8
NA,NA,NA,2023,33.80000000000001,20.7
NA,NA,NA,2023,36.2,23.7
NA,NA,NA,2023,37.7,27.9
NA,NA,NA,2023,40.7,34.4
NA,NA,NA,2023,40.1,31.6
NA,NA,NA,2023,40.7,32.30000000000001
NA,NA,NA,2023,37.5,28.5
NA,NA,NA,2023,38.80000000000001,26.8
NA,NA,NA,2023,40.6,33.7
NA,NA,NA,2023,34.80000000000001,24.4
NA,NA,NA,2023,41.2,35.80000000000001
NA,NA,NA,2023,36.2,25.8
NA,NA,NA,2023,37.6,27.7
NA,NA,NA,2023,38.30000000000001,28.3
NA,NA,NA,2023,39.80000000000001,30.4
NA,NA,NA,2023,39.7,29.1
NA,NA,NA,2023,36.2,25.2
NA,NA,NA,2023,39.4,33.4
NA,NA,NA,2023,35.2,23.3
NA,NA,NA,2023,34,17.8
NA,NA,NA,2023,34.6,26.8
NA,NA,NA,2023,39.1,31.3
NA,NA,NA,2023,37.9,28.2
NA,NA,NA,2023,35.30000000000001,27.1
NA,NA,NA,2023,39.1,29.4
NA,NA,NA,2023,38.2,28.1
NA,NA,NA,2023,39.30000000000001,27.7
NA,NA,NA,2023,36.5,27.6
NA,NA,NA,2023,33.9,22.2
NA,NA,NA,2023,40.30000000000001,29.5
NA,NA,NA,2023,45.5,35.2
NA,NA,NA,2023,39.9,26.9
NA,NA,NA,2023,36.1,25.9
NA,NA,NA,2023,36.1,24.4
NA,NA,NA,2023,37.2,28.2
NA,NA,NA,2023,37,25.6
NA,NA,NA,2023,37.9,28.8
NA,NA,NA,2023,35.2,25
NA,NA,NA,2023,32.30000000000001,23.7
NA,NA,NA,2023,38,31.6
NA,NA,NA,2023,40.5,28.8
NA,NA,NA,2023,35.4,24.3
NA,NA,NA,2023,40.4,29
NA,NA,NA,2023,38.9,30.1
NA,NA,NA,2023,40.30000000000001,30.9
NA,NA,NA,2023,39.9,30.5
NA,NA,NA,2023,40.1,31.8
NA,NA,NA,2023,39,31.4
NA,NA,NA,2023,34.1,22.6
NA,NA,NA,2023,36.1,25.1
NA,NA,NA,2023,36.6,26.2
NA,NA,NA,2023,37.80000000000001,26.2
NA,NA,NA,2023,32.80000000000001,21.5
NA,NA,NA,2023,39.6,31.5
NA,NA,NA,2023,39.5,32.4
NA,NA,NA,2023,38.4,31.5
NA,NA,NA,2023,39.7,32.2
NA,NA,NA,2023,45.4,44.6
NA,NA,NA,2023,36.7,25.2
NA,NA,NA,2023,32.9,21.8
NA,NA,NA,2023,38.9,30.8
NA,NA,NA,2023,39.2,29.7
NA,NA,NA,2023,38.9,27.8
NA,NA,NA,2023,41.3,34.9
NA,NA,NA,2023,39.6,30.6
NA,NA,NA,2023,34,21.6
NA,NA,NA,2023,38.7,28
NA,NA,NA,2023,32.5,18.9
NA,NA,NA,2023,38,28.4
NA,NA,NA,2023,39.7,27.7
NA,NA,NA,2023,38.7,26.8
NA,NA,NA,2023,40.80000000000001,30.8
NA,NA,NA,2023,39,28.3
NA,NA,NA,2023,43.1,33.7
NA,NA,NA,2023,38.7,29.2
NA,NA,NA,2023,38,30
NA,NA,NA,2023,38.2,29.7
NA,NA,NA,2023,33.30000000000001,21.9
NA,NA,NA,2023,41.1,30.2
NA,NA,NA,2023,36.7,27.4
NA,NA,NA,2023,39,25.2
NA,NA,NA,2023,36.30000000000001,23.5
NA,NA,NA,2023,44.4,42.8
NA,NA,NA,2023,38,28
NA,NA,NA,2023,36.80000000000001,26.8
NA,NA,NA,2023,38,28
NA,NA,NA,2023,38.30000000000001,30.4
NA,NA,NA,2023,41.1,34.4
NA,NA,NA,2023,37.6,25.1
NA,NA,NA,2023,34.5,27.4
NA,NA,NA,2023,38.80000000000001,28.4
NA,NA,NA,2023,41.6,35.6
NA,NA,NA,2023,36.4,26.3
NA,NA,NA,2023,39.1,31.2
NA,NA,NA,2023,36.30000000000001,25.8
NA,NA,NA,2023,29.3,19.2
NA,NA,NA,2023,41.2,28.6
NA,NA,NA,2023,35.2,28.9
NA,NA,NA,2023,36.2,26.4
NA,NA,NA,2023,37.80000000000001,29.2
NA,NA,NA,2023,39.30000000000001,33.7
NA,NA,NA,2023,43.1,35.1
NA,NA,NA,2023,35.6,26
NA,NA,NA,2023,38.2,28.7
NA,NA,NA,2023,42.3,28.5
NA,NA,NA,2023,37.2,26.5
NA,NA,NA,2023,40.1,30.7
NA,NA,NA,2023,35.5,24
NA,NA,NA,2023,44.6,38
NA,NA,NA,2023,41.1,29.6
NA,NA,NA,2023,38.1,28.7
NA,NA,NA,2023,37.4,25.8
NA,NA,NA,2023,40.9,33
NA,NA,NA,2023,46.4,39.2
NA,NA,NA,2023,30.4,19.3
NA,NA,NA,2023,36.7,25.1
NA,NA,NA,2023,37.5,30.5
NA,NA,NA,2023,35,25.6
NA,NA,NA,2023,35.2,24.5
NA,NA,NA,2023,37.9,31.4
NA,NA,NA,2023,35.1,25.4
NA,NA,NA,2023,43.7,41.3
NA,NA,NA,2023,46.5,42.8
NA,NA,NA,2023,29.3,16.3
NA,NA,NA,2023,27.8,16.4
NA,NA,NA,2023,32.6,18.2
NA,NA,NA,2023,29.6,16.7
NA,NA,NA,2023,30.1,21.9
NA,NA,NA,2023,28,16.9
NA,NA,NA,2023,32.30000000000001,16.3
NA,NA,NA,2023,29.6,18.7
NA,NA,NA,2023,30.7,18.3
NA,NA,NA,2023,30.3,18.8
NA,NA,NA,2023,29,18
NA,NA,NA,2023,27.2,17.7
NA,NA,NA,2023,28,18.2
NA,NA,NA,2023,27.9,17.7
NA,NA,NA,2023,28.3,19.9
NA,NA,NA,2023,25.3,14.1
NA,NA,NA,2023,31.4,21.4
NA,NA,NA,2023,28.3,17.3
NA,NA,NA,2023,30.1,17.6
NA,NA,NA,2023,34.1,22.2
NA,NA,NA,2023,31.1,19.2
NA,NA,NA,2023,32.6,18.3
NA,NA,NA,2023,20.7,12.5
NA,NA,NA,2023,32.4,17.8
NA,NA,NA,2023,35.5,21.7
NA,NA,NA,2023,30.1,14.8
NA,NA,NA,2023,28,13.5
NA,NA,NA,2023,30.8,15.6
NA,NA,NA,2023,27.1,18.9
NA,NA,NA,2023,33.6,20.1
NA,NA,NA,2023,26.3,17.1
NA,NA,NA,2023,28.2,16.3
NA,NA,NA,2023,25.4,17.9
NA,NA,NA,2023,30.7,21.6
NA,NA,NA,2023,21.6,13.8
NA,NA,NA,2023,32.1,23.5
NA,NA,NA,2023,33.80000000000001,20.1
NA,NA,NA,2023,28.7,16.4
NA,NA,NA,2023,25.4,16.8
NA,NA,NA,2023,28.7,18
NA,NA,NA,2023,30.1,20.5
NA,NA,NA,2023,30.1,17.9
NA,NA,NA,2023,28.6,16.2
NA,NA,NA,2023,26.6,17.5
NA,NA,NA,2023,28.6,18.1
NA,NA,NA,2023,32.4,20.4
NA,NA,NA,2023,38.30000000000001,29.4
NA,NA,NA,2023,26,17
NA,NA,NA,2023,36.7,25.3
NA,NA,NA,2023,35.7,24.4
NA,NA,NA,2023,36.4,23.8
NA,NA,NA,2023,36.7,23.7
NA,NA,NA,2023,27.8,14.4
NA,NA,NA,2023,34.80000000000001,22.2
NA,NA,NA,2023,38.9,26.6
NA,NA,NA,2023,32.1,18.9
NA,NA,NA,2023,37.4,23.3
NA,NA,NA,2023,34.5,19.7
NA,NA,NA,2023,42.3,29.5
NA,NA,NA,2023,39.6,30.5
NA,NA,NA,2023,42.7,28.5
NA,NA,NA,2023,39.5,24.6
NA,NA,NA,2023,38.80000000000001,22.6
NA,NA,NA,2023,36.4,25.2
NA,NA,NA,2023,40.1,27.3
NA,NA,NA,2023,40.9,28.3
NA,NA,NA,2023,36.7,21.2
NA,NA,NA,2023,32.4,18.7
NA,NA,NA,2023,33.2,21.1
NA,NA,NA,2023,37.30000000000001,23.3
NA,NA,NA,2023,38.9,25
NA,NA,NA,2023,36.5,29.2
NA,NA,NA,2023,40.6,24.1
NA,NA,NA,2023,40,28.4
NA,NA,NA,2023,22.1,16.2
NA,NA,NA,2023,29.6,19
NA,NA,NA,2023,34.2,23.2
NA,NA,NA,2023,33.5,19.6
NA,NA,NA,2023,35.5,23.5
NA,NA,NA,2023,32.7,22.9
NA,NA,NA,2023,33.2,23.7
NA,NA,NA,2023,34.7,20.2
NA,NA,NA,2023,31.2,17.8
NA,NA,NA,2023,40.5,25.8
NA,NA,NA,2023,36.9,22.1
NA,NA,NA,2023,42.1,28.8
NA,NA,NA,2023,39.2,28
NA,NA,NA,2023,35.1,18.3
NA,NA,NA,2023,34.7,21
NA,NA,NA,2023,40.4,27.7
NA,NA,NA,2023,33.4,21.2
NA,NA,NA,2023,35.6,21.7
NA,NA,NA,2023,30.9,17.2
NA,NA,NA,2023,36.2,22.6
NA,NA,NA,2023,35.9,19.5
NA,NA,NA,2023,34.7,21.3
NA,NA,NA,2023,35.9,22.8
NA,NA,NA,2023,39.2,30.1
NA,NA,NA,2023,27,16.1
NA,NA,NA,2023,36.2,23.5
NA,NA,NA,2023,41.6,27.9
NA,NA,NA,2023,36.4,22.7
NA,NA,NA,2023,34.1,20
NA,NA,NA,2023,37.7,26.5
NA,NA,NA,2023,33.4,22
NA,NA,NA,2023,35.7,22.5
NA,NA,NA,2023,34.6,22.3
NA,NA,NA,2023,33.4,19.6
NA,NA,NA,2023,42.9,26.7
NA,NA,NA,2023,36.1,22.2
NA,NA,NA,2023,40.80000000000001,27.9
NA,NA,NA,2023,34.1,21.5
NA,NA,NA,2023,36.2,24.9
NA,NA,NA,2023,36.4,24.3
NA,NA,NA,2023,37.5,27.4
NA,NA,NA,2023,32.4,19.2
NA,NA,NA,2023,38.6,27.1
NA,NA,NA,2023,35.80000000000001,22.8
NA,NA,NA,2023,34.9,19.9
NA,NA,NA,2023,33.30000000000001,24.2
NA,NA,NA,2023,31.1,20.8
NA,NA,NA,2023,40.1,26.3
NA,NA,NA,2023,33.5,20.2
NA,NA,NA,2023,31.6,21.9
NA,NA,NA,2023,31.5,22.9
NA,NA,NA,2023,39.30000000000001,27.9
NA,NA,NA,2023,35.1,26.6
NA,NA,NA,2023,38.2,23.8
NA,NA,NA,2023,41.6,26.3
NA,NA,NA,2023,37.9,25.3
NA,NA,NA,2023,34.80000000000001,21.4
NA,NA,NA,2023,36.5,20.7
NA,NA,NA,2023,39.4,26
NA,NA,NA,2023,45.6,27.7
NA,NA,NA,2023,39.2,27.2
NA,NA,NA,2023,32.5,22.9
NA,NA,NA,2023,32.9,22.8
NA,NA,NA,2023,40.5,25.4
NA,NA,NA,2023,37.6,28
NA,NA,NA,2023,40.1,24
NA,NA,NA,2023,30.9,17.2
NA,NA,NA,2023,27.3,17.7
NA,NA,NA,2023,37.30000000000001,26.7
NA,NA,NA,2023,37.80000000000001,26.9
NA,NA,NA,2023,33.4,21
NA,NA,NA,2023,37,22.3
NA,NA,NA,2023,39.1,23.3
NA,NA,NA,2023,37.1,25.7
NA,NA,NA,2023,41.3,29.8
NA,NA,NA,2023,47,35.2
NA,NA,NA,2023,28.3,18.1
NA,NA,NA,2023,25.9,13.9
NA,NA,NA,2023,41.5,28.3
NA,NA,NA,2023,34.2,21
NA,NA,NA,2023,39.5,29.9
NA,NA,NA,2023,38.30000000000001,25.1
NA,NA,NA,2023,38.1,27
NA,NA,NA,2023,41,32.7
NA,NA,NA,2023,32.80000000000001,22.3
NA,NA,NA,2023,34.30000000000001,24.4
NA,NA,NA,2023,34.5,24.2
NA,NA,NA,2023,37.1,26.7
NA,NA,NA,2023,42.7,30.7
NA,NA,NA,2023,41.1,24.2
NA,NA,NA,2023,38,23.9
NA,NA,NA,2023,39.2,28.6
NA,NA,NA,2023,46.7,32
NA,NA,NA,2023,31.6,17.1
NA,NA,NA,2023,43.1,29.1
NA,NA,NA,2023,38.4,27.1
NA,NA,NA,2023,36.4,23.9
NA,NA,NA,2023,37.2,27.6
NA,NA,NA,2023,32,20.5
NA,NA,NA,2023,34.80000000000001,22.4
NA,NA,NA,2023,36.30000000000001,22.8
NA,NA,NA,2023,32.7,21.3
NA,NA,NA,2023,37.4,24.9
NA,NA,NA,2023,35.1,21.3
NA,NA,NA,2023,34.5,23.6
NA,NA,NA,2023,28,17.5
NA,NA,NA,2023,38,31.1
NA,NA,NA,2023,32.9,21.1
NA,NA,NA,2023,33.2,19.2
NA,NA,NA,2023,33.80000000000001,20.8
NA,NA,NA,2023,31.9,19
NA,NA,NA,2023,34.4,17.7
NA,NA,NA,2023,33.7,18.2
NA,NA,NA,2023,37.80000000000001,19.5
NA,NA,NA,2023,33.4,21.5
NA,NA,NA,2023,33.1,21.9
NA,NA,NA,2023,40.2,23.8
NA,NA,NA,2023,31.5,16.8
NA,NA,NA,2023,33.2,24.1
NA,NA,NA,2023,36.5,20.8
NA,NA,NA,2023,31,16
NA,NA,NA,2023,26,14.6
NA,NA,NA,2023,20.9,13.9
NA,NA,NA,2023,30.1,15.1
NA,NA,NA,2023,29.4,17
NA,NA,NA,2023,30.5,19.6
NA,NA,NA,2023,33.7,20.4
NA,NA,NA,2023,38.5,18.9
NA,NA,NA,2023,34.5,19.8
NA,NA,NA,2023,35.9,24.1
NA,NA,NA,2023,36.80000000000001,20.7
NA,NA,NA,2023,30.7,19.1
NA,NA,NA,2023,32.80000000000001,20.4
NA,NA,NA,2023,25.7,14.1
NA,NA,NA,2023,33.7,18.9
NA,NA,NA,2023,32.80000000000001,18.2
NA,NA,NA,2023,30.5,19.3
NA,NA,NA,2023,33.7,18.5
NA,NA,NA,2023,31.4,19.7
NA,NA,NA,2023,30.8,16.8
NA,NA,NA,2023,34.4,18.7
NA,NA,NA,2023,29.7,19.1
NA,NA,NA,2023,28.4,16.3
NA,NA,NA,2023,33.1,19.9
NA,NA,NA,2023,37.1,25.3
NA,NA,NA,2023,39.6,27.4
NA,NA,NA,2023,38.2,30.3
NA,NA,NA,2023,38.1,27.7
NA,NA,NA,2023,44,32.6
NA,NA,NA,2023,39.9,32.1
NA,NA,NA,2023,38.7,26
NA,NA,NA,2023,40.5,28
NA,NA,NA,2023,41.7,32.2
NA,NA,NA,2023,40.7,34.1
NA,NA,NA,2023,40.5,30.3
NA,NA,NA,2023,40.2,32.80000000000001
NA,NA,NA,2023,40,29.5
NA,NA,NA,2023,40,30.3
NA,NA,NA,2023,37.4,30.2
NA,NA,NA,2023,39.5,29.5
NA,NA,NA,2023,39.7,27.1
NA,NA,NA,2023,38.9,30.4
NA,NA,NA,2023,38.9,27.2
NA,NA,NA,2023,36.80000000000001,27.3
NA,NA,NA,2023,35.5,25.3
NA,NA,NA,2023,38.2,30.1
NA,NA,NA,2023,37.80000000000001,31.9
NA,NA,NA,2023,43.3,35
NA,NA,NA,2023,45,35.6
NA,NA,NA,2023,47,40.5
NA,NA,NA,2023,40.30000000000001,26.2
NA,NA,NA,2023,39.1,28.1
NA,NA,NA,2023,42.9,30.6
NA,NA,NA,2023,37.7,30.8
NA,NA,NA,2023,38.4,27.2
NA,NA,NA,2023,44.1,36.1
NA,NA,NA,2023,33.7,22.8
NA,NA,NA,2023,40.2,28.5
NA,NA,NA,2023,37.4,26.8
NA,NA,NA,2023,37.9,30.9
NA,NA,NA,2023,35.7,26.3
NA,NA,NA,2023,36,30.1
NA,NA,NA,2023,37.7,28.6
NA,NA,NA,2023,38.30000000000001,31.1
NA,NA,NA,2023,41.2,27.2
NA,NA,NA,2023,36.80000000000001,25.7
NA,NA,NA,2023,42.7,29.2
NA,NA,NA,2023,39.6,28.5
NA,NA,NA,2023,41.1,31.5
NA,NA,NA,2023,45,32.1
NA,NA,NA,2023,41.5,31.8
NA,NA,NA,2023,41.5,28.5
NA,NA,NA,2023,37.80000000000001,27.9
NA,NA,NA,2023,40.6,28.2
NA,NA,NA,2023,41.2,29.6
NA,NA,NA,2023,37.4,30.8
NA,NA,NA,2023,42.2,33.9
NA,NA,NA,2023,41.1,30
NA,NA,NA,2023,41.1,32.30000000000001
NA,NA,NA,2023,40.7,27
NA,NA,NA,2023,41.9,35.9
NA,NA,NA,2023,32.7,19.8
NA,NA,NA,2023,36.4,23.3
NA,NA,NA,2023,40.4,22.2
NA,NA,NA,2023,34.4,21
NA,NA,NA,2023,32.30000000000001,18.2
NA,NA,NA,2023,35.6,19.4
NA,NA,NA,2023,33.5,20.3
NA,NA,NA,2023,34,21.9
NA,NA,NA,2023,30.4,17.6
NA,NA,NA,2023,35.80000000000001,20.9
NA,NA,NA,2023,37,24.1
NA,NA,NA,2023,34.4,18.9
NA,NA,NA,2023,34.7,21.3
NA,NA,NA,2023,24.7,15.5
NA,NA,NA,2023,36.9,20.8
NA,NA,NA,2023,31.6,18.4
NA,NA,NA,2023,33.30000000000001,19.3
NA,NA,NA,2023,33.5,20.5
NA,NA,NA,2023,32.80000000000001,19
NA,NA,NA,2023,35.2,21.2
NA,NA,NA,2023,35.7,19.3
NA,NA,NA,2023,37.1,24
NA,NA,NA,2023,37.5,21.6
NA,NA,NA,2023,35.2,19.9
NA,NA,NA,2023,36.1,21.3
NA,NA,NA,2023,33.2,19.2
NA,NA,NA,2023,34.30000000000001,20.3
NA,NA,NA,2023,36,23.5
NA,NA,NA,2023,35.9,19.6
NA,NA,NA,2023,36.9,22.9
NA,NA,NA,2023,34.4,20.9
NA,NA,NA,2023,33.1,19.6
NA,NA,NA,2023,32.4,18.8
NA,NA,NA,2023,36.30000000000001,21.5
NA,NA,NA,2023,35.7,22.6
NA,NA,NA,2023,34.9,20.8
NA,NA,NA,2023,31.8,21
NA,NA,NA,2023,34,20.3
NA,NA,NA,2023,37.9,21.4
NA,NA,NA,2023,34,21.3
NA,NA,NA,2023,46.5,28.4
NA,NA,NA,2023,37.80000000000001,23.3
NA,NA,NA,2023,35.9,21.1
NA,NA,NA,2023,33.6,20.2
NA,NA,NA,2023,30.6,18.1
NA,NA,NA,2023,32.7,20.1
NA,NA,NA,2023,30.6,15.9
NA,NA,NA,2023,34.80000000000001,21.1
NA,NA,NA,2023,31,17.5
NA,NA,NA,2023,31.5,19.9
NA,NA,NA,2023,32,17.3
NA,NA,NA,2023,36.80000000000001,21.4
NA,NA,NA,2023,36.1,21.3
NA,NA,NA,2023,35,22.4
NA,NA,NA,2023,35.1,21.6
NA,NA,NA,2023,36.4,22.2
NA,NA,NA,2023,34,16.2
NA,NA,NA,2023,33.80000000000001,20.1
NA,NA,NA,2023,36.30000000000001,20.7
NA,NA,NA,2023,36.7,24.1
NA,NA,NA,2023,34.7,17.8
NA,NA,NA,2023,34.2,22.7
NA,NA,NA,2023,35.1,20.6
NA,NA,NA,2023,34.5,22.4
NA,NA,NA,2023,35.80000000000001,19.4
NA,NA,NA,2023,35.5,19.4
NA,NA,NA,2023,34.5,21
NA,NA,NA,2023,30,17.1
NA,NA,NA,2023,28.8,15.7
NA,NA,NA,2023,36.4,20.4
NA,NA,NA,2023,36.4,21.5
NA,NA,NA,2023,35.6,19.1
NA,NA,NA,2023,35.7,20.6
NA,NA,NA,2023,30.6,21.6
NA,NA,NA,2023,28.4,20.6
NA,NA,NA,2023,29.7,24.3
NA,NA,NA,2023,38.2,25.7
NA,NA,NA,2023,35,26.2
NA,NA,NA,2023,34.30000000000001,23.5
NA,NA,NA,2023,31.9,21.7
NA,NA,NA,2023,28.6,24.2
NA,NA,NA,2023,35.30000000000001,24.3
NA,NA,NA,2023,33.30000000000001,24.6
NA,NA,NA,2023,30.1,22.3
NA,NA,NA,2023,30.9,23.2
NA,NA,NA,2023,32.2,22.7
NA,NA,NA,2023,34,25
NA,NA,NA,2023,34.5,28.2
NA,NA,NA,2023,30.5,20.8
NA,NA,NA,2023,31.4,23.8
NA,NA,NA,2023,30.5,20.4
NA,NA,NA,2023,28.7,21.1
NA,NA,NA,2023,33,23.6
NA,NA,NA,2023,19.9,16
NA,NA,NA,2023,34.6,23.4
NA,NA,NA,2023,30.1,22.7
NA,NA,NA,2023,32.2,25.3
