inactivity_pct,fit,lwr,upr,se_fit,fit_pi,lwr_pi,upr_pi
10,24.95507810353502,24.638731617283955,25.271424589786083,0.1613429747809465,24.95507810353502,19.330003281827974,30.580152925242064
10.1,25.026513969322455,24.71198712130459,25.34104081734032,0.16041492323516043,25.026513969322455,19.40154118818269,30.65148675046222
10.2,25.097949835109887,24.785241457426217,25.410658212793557,0.15948746734100128,25.097949835109887,19.473078442810085,30.72282122740969
10.3,25.169385700897323,24.858494605154952,25.480276796639693,0.1585606175507611,25.169385700897323,19.54461504567492,30.794156356119725
10.4,25.240821566684755,24.93174654352845,25.549896589841058,0.1576343845556475,25.240821566684755,19.61615099674217,30.86549213662734
10.5,25.312257432472187,25.0049972511029,25.619517613841474,0.1567087792924316,25.312257432472187,19.687686295977045,30.93682856896733
10.6,25.383693298259622,25.07824670593955,25.689139890579696,0.15578381295031127,25.383693298259622,19.759220943344978,31.008165653174267
10.7,25.455129164047055,25.15149488559081,25.758763442503298,0.1548594969779973,25.455129164047055,19.83075493881161,31.0795033892825
10.8,25.52656502983449,25.224741767085938,25.828388292583043,0.15393584309103056,25.52656502983449,19.902288282342834,31.150841777326146
10.9,25.598000895621922,25.297987326916175,25.89801446432767,0.15301286327933894,25.598000895621922,19.973820973904736,31.222180817339108
11,25.669436761409354,25.371231541019476,25.967641981799233,0.15209056981504213,25.669436761409354,20.045353013463654,31.293520509355055
11.1,25.74087262719679,25.4444743847647,26.03727086962888,0.15116897526051434,25.74087262719679,20.11688440098614,31.36486085340744
11.2,25.812308492984222,25.517715832935252,26.106901153033192,0.15024809247671345,25.812308492984222,20.188415136438962,31.436201849529482
11.3,25.883744358771658,25.590955859712242,26.176532857831074,0.14932793463178723,25.883744358771658,20.25994521978913,31.507543497754185
11.4,25.95518022455909,25.664194438657027,26.246166010461152,0.1484085152099665,25.95518022455909,20.331474651003855,31.578885798114325
11.5,26.026616090346522,25.737431542693198,26.315800637999846,0.14748984802075582,26.026616090346522,20.403003430050596,31.650228750642448
11.6,26.098051956133958,25.81066714408796,26.385436768179954,0.14657194720843306,26.098051956133958,20.474531556897027,31.72157235537089
11.7,26.16948782192139,25.88390121443286,26.45507442940992,0.14565482726186932,26.16948782192139,20.546059031511042,31.792916612331737
11.8,26.240923687708822,25.957133724623898,26.524713650793746,0.14473850302468078,26.240923687708822,20.61758585386077,31.864261521556873
11.9,26.312359553496258,26.030364644840947,26.594354462151568,0.14382298970572585,26.312359553496258,20.68911202391456,31.935607083077954
12,26.38379541928369,26.10359394452645,26.663996894040928,0.14290830288995937,26.38379541928369,20.76063754164098,32.006953296926405
12.1,26.45523128507112,26.17682159236344,26.733640977778805,0.14199445854965845,26.45523128507112,20.832162407008827,32.07830016313341
12.2,26.526667150858557,26.250047556252753,26.803286745464362,0.1410814730560332,26.526667150858557,20.903686619987138,32.149647681729974
12.3,26.59810301664599,26.323271803289476,26.872934230002503,0.14016936319123738,26.59810301664599,20.975210180545147,32.22099585274683
12.4,26.669538882433425,26.396494299738606,26.942583465128244,0.139258146160794,26.669538882433425,21.04673308865234,32.29234467621451
12.5,26.740974748220857,26.46971501100982,27.012234485431893,0.13834783960645125,26.740974748220857,21.118255344278406,32.36369415216331
12.6,26.81241061400829,26.542933901631404,27.081887326385175,0.13743846161948597,26.81241061400829,21.189776947393273,32.4350442806233
12.7,26.883846479795725,26.616150935223263,27.151542024368187,0.13653003075447073,26.883846479795725,21.261297897967097,32.50639506162435
12.8,26.955282345583157,26.68936607446896,27.221198616697354,0.13562256604352307,26.955282345583157,21.332818195970248,32.57774649519607
12.9,27.026718211370593,26.76257928108683,27.290857141654357,0.13471608701105475,27.026718211370593,21.404337841373327,32.64909858136786
13,27.098154077158025,26.835790515800003,27.360517638516047,0.13381061368904051,27.098154077158025,21.475856834147155,32.72045132016889
13.1,27.169589942945457,26.90899973830546,27.430180147585453,0.13290616663282573,27.169589942945457,21.54737517426279,32.791804711628124
13.2,27.241025808732893,26.982206907241896,27.49984471022389,0.13200276693749455,27.241025808732893,21.618892861691513,32.86315875577427
13.3,27.312461674520325,27.055411980156496,27.569511368884154,0.1311004362548188,27.312461674520325,21.690409896404823,32.93451345263583
13.4,27.38389754030776,27.128614913470543,27.63918016714498,0.13019919681081127,27.38389754030776,21.761926278374446,33.005868802241075
13.5,27.455333406095193,27.201815662443746,27.70885114974664,0.12929907142390534,27.455333406095193,21.833442007572337,33.07722480461805
13.6,27.526769271882625,27.27501418113733,27.77852436262792,0.12840008352378607,27.526769271882625,21.904957083970675,33.14858145979457
13.7,27.59820513767006,27.348210422375793,27.848199852964328,0.127502257170897,27.59820513767006,21.976471507541874,33.21993876779825
13.8,27.669641003457492,27.421404337707262,27.917877669207723,0.12660561707664916,27.669641003457492,22.047985278258558,33.29129672865643
13.9,27.741076869244925,27.494595877362464,27.987557861127385,0.12571018862435904,27.741076869244925,22.119498396093586,33.36265534239626
14,27.81251273503236,27.567784990212182,28.05724047985254,0.12481599789094344,27.81251273503236,22.191010861020047,33.434014609044674
14.100000000000001,27.883948600819792,27.640971623723154,28.12692557791643,0.12392307166940024,27.883948600819792,22.262522673011247,33.50537452862834
14.2,27.955384466607224,27.714155723912434,28.196613209302015,0.12303143749210559,27.955384466607224,22.334033832040717,33.57673510117373
14.3,28.02682033239466,27.787337235300026,28.266303429489295,0.12214112365495783,28.02682033239466,22.40554433808223,33.64809632670709
14.4,28.098256198182092,27.86051610085981,28.335996295504373,0.12125215924240182,28.098256198182092,22.477054191109765,33.71945820525442
14.5,28.169692063969528,27.93369226196873,28.405691865970326,0.12036457415336578,28.169692063969528,22.54856339109754,33.79082073684151
14.600000000000001,28.24112792975696,28.006865658354023,28.475390201159897,0.11947839912814641,28.24112792975696,22.620071938019997,33.86218392149392
14.7,28.312563795544392,28.080036228038622,28.54509136305016,0.11859366577627779,28.312563795544392,22.691579831851797,33.93354775923699
14.8,28.383999661331828,28.153203907284492,28.614795415379163,0.11771040660542109,28.383999661331828,22.763087072567842,34.00491225009581
14.9,28.45543552711926,28.226368630533905,28.684502423704615,0.11682865505131386,28.45543552711926,22.834593660143245,34.07627739409527
15,28.526871392906695,28.29953033034858,28.75421245546481,0.11594844550881854,28.526871392906695,22.906099594553357,34.14764319126003
15.100000000000001,28.598307258694128,28.37268893734655,28.823925580041706,0.11506981336411076,28.598307258694128,22.977604875773746,34.21900964161451
15.2,28.66974312448156,28.44584438013674,28.89364186882638,0.11419279502805055,28.66974312448156,23.049109503780212,34.29037674518291
15.3,28.741178990268995,28.518996585251152,28.96336139528684,0.11331742797077901,28.741178990268995,23.120613478548783,34.36174450198921
15.4,28.812614856056427,28.592145477074496,29.03308423503836,0.11244375075758667,28.812614856056427,23.19211680005571,34.43311291205715
15.5,28.884050721843863,28.66529097777132,29.102810465916406,0.11157180308609835,28.884050721843863,23.263619468277476,34.50448197541025
15.600000000000001,28.955486587631295,28.7384330072104,29.17254016805219,0.11070162582482328,28.955486587631295,23.335121483190775,34.575851692071815
15.7,29.026922453418727,28.8115714828864,29.242273423951055,0.10983326105311869,29.026922453418727,23.40662284477255,34.647222062064905
15.8,29.098358319206163,28.88470631983864,29.312010318573687,0.1089667521026166,29.098358319206163,23.47812355299996,34.718593085412365
15.9,29.169794184993595,28.957837430566883,29.381750939420307,0.1081021436001661,29.169794184993595,23.549623607850382,34.789964762136805
16,29.241230050781027,29.0309647249441,29.451495376617956,0.10723948151234237,29.241230050781027,23.62112300930144,34.86133709226062
16.1,29.312665916568463,29.104088110125986,29.52124372301094,0.1063788131915766,29.312665916568463,23.692621757330965,34.93271007580596
16.2,29.384101782355895,29.177207490457256,29.590996074254534,0.10552018742396141,29.384101782355895,23.764119851917023,35.00408371279477
16.3,29.45553764814333,29.250322767374506,29.660752528912155,0.10466365447878638,29.45553764814333,23.83561729303792,35.07545800324874
16.4,29.526973513930763,29.323433839305576,29.73051318855595,0.10380926615986105,29.526973513930763,23.907114080672162,35.14683294718937
16.5,29.598409379718195,29.39654060156533,29.80027815787106,0.1029570758586811,29.598409379718195,23.9786102147985,35.21820854463789
16.6,29.66984524550563,29.46964294624767,29.87004754476359,0.10210713860949587,29.66984524550563,24.050105695395917,35.28958479561535
16.7,29.741281111293063,29.542740762113716,29.93982146047241,0.10125951114633454,29.741281111293063,24.121600522443604,35.360961700142525
16.8,29.8127169770805,29.615833934476065,30.00960001968493,0.1004142519620484,29.8127169770805,24.193094695920994,35.43233925824
16.9,29.88415284286793,29.68892234507893,30.079383340656932,0.09957142136942752,29.88415284286793,24.26458821580774,35.50371746992812
17,29.955588708655362,29.762005871974154,30.14917154533657,0.09873108156444799,29.955588708655362,24.336081082083734,35.57509633522699
17.1,30.027024574442798,29.83508438939291,30.218964759492685,0.09789329669170675,30.027024574442798,24.40757329472908,35.64647585415651
17.2,30.09846044023023,29.908157767612984,30.288763112847477,0.09705813291209874,30.09846044023023,24.479064853724115,35.71785602673635
17.3,30.169896306017666,29.981225872821607,30.358566739213725,0.09622565847278973,30.169896306017666,24.550555759049406,35.78923685298592
17.4,30.241332171805098,30.054288566973632,30.428375776636564,0.09539594377953695,30.241332171805098,24.622046010685743,35.86061833292445
17.5,30.31276803759253,30.127345707645055,30.498190367540005,0.09456906147140523,30.31276803759253,24.693535608614148,35.93200046657091
17.6,30.384203903379966,30.200397147881723,30.568010658878208,0.09374508649792544,30.384203903379966,24.76502455281587,36.003383253944065
17.7,30.455639769167398,30.27344273604317,30.637836802291627,0.09292409619873565,30.455639769167398,24.836512843272377,36.07476669506242
17.8,30.527075634954834,30.346482315641545,30.707668954268122,0.09210617038574277,30.527075634954834,24.90800047996538,36.146150789944286
17.9,30.598511500742266,30.41951572517549,30.77750727630904,0.09129139142783582,30.598511500742266,24.9794874628768,36.21753553860773
18,30.669947366529698,30.49254279795901,30.847351935100384,0.09047984433817534,30.669947366529698,25.0509737919888,36.28892094107059
18.1,30.741383232317133,30.565563361945237,30.91720310268903,0.08967161686407686,30.741383232317133,25.122459467283768,36.3603069973505
18.200000000000003,30.81281909810457,30.638577239545064,30.987060956664074,0.08886679957949649,30.81281909810457,25.193944488744307,36.43169370746483
18.3,30.884254963891998,30.711584247440744,31.05692568034325,0.08806548598011743,30.884254963891998,25.265428856353257,36.503081071430735
18.4,30.95569082967943,30.78458419639437,31.12679746296449,0.08726777258102428,30.95569082967943,25.336912570093695,36.574469089265165
18.5,31.027126695466865,30.85757689105133,31.1966764998824,0.08647375901693953,31.027126695466865,25.408395629948913,36.64585776098482
18.6,31.0985625612543,30.93056212973883,31.26656299276977,0.08568354814498137,31.0985625612543,25.479878035902434,36.71724708660617
18.700000000000003,31.169998427041733,31.00353970425959,31.336457149823875,0.08489724614988522,31.169998427041733,25.551359787938004,36.78863706614546
18.8,31.241434292829165,31.07650939968086,31.406359185977472,0.0841149626516134,31.241434292829165,25.622840886039604,36.860027699618726
18.9,31.312870158616597,31.149470994118925,31.47626932311427,0.08333681081525549,31.312870158616597,25.694321330191443,36.93141898704175
19,31.384306024404033,31.22242425851938,31.546187790288688,0.0825629074630993,31.384306024404033,25.765801120377954,37.00281092843011
19.1,31.45574189019147,31.295368956433396,31.61611482394954,0.08179337318872576,31.45574189019147,25.837280256583803,37.074203523799135
19.200000000000003,31.5271777559789,31.368304843790423,31.68605066816738,0.08102833247295219,31.5271777559789,25.90875873879387,37.14559677316393
19.3,31.598613621766333,31.441231668667623,31.755995574865043,0.08026791380141662,31.598613621766333,25.98023656699328,37.21699067653939
19.4,31.670049487553765,31.514149171056584,31.825949804050946,0.07951224978356021,31.670049487553765,26.051713741167376,37.288385233940154
19.5,31.7414853533412,31.587057082627847,31.895913624054554,0.07876147727272603,31.7414853533412,26.12319026130174,37.35978044538066
19.6,31.812921219128636,31.659955126493855,31.965887311763417,0.07801573748704974,31.812921219128636,26.19466612738217,37.4311763108751
19.700000000000003,31.88435708491607,31.732843016971113,32.03587115286102,0.07727517613077067,31.88435708491607,26.266141339394686,37.50257283043745
19.8,31.9557929507035,31.805720459342346,32.105865442064655,0.07653994351554132,31.9557929507035,26.337615897325556,37.573970004081445
19.9,32.02722881649093,31.878587149619566,32.1758704833623,0.07581019468125728,32.02722881649093,26.40908980116126,37.64536783182061
20,32.09866468227837,31.951442774309164,32.24588659024757,0.07508608951587008,32.09866468227837,26.48056305088852,37.71676631366822
20.1,32.170100548065804,32.02428701018016,32.31591408595145,0.07436779287357956,32.170100548065804,26.552035646494275,37.78816544963733
20.200000000000003,32.24153641385324,32.09711952403698,32.3859533036695,0.0736554746907333,32.24153641385324,26.623507587965697,37.85956523974078
20.3,32.31297227964067,32.169939972498135,32.4560045867832,0.07294931009868522,32.31297227964067,26.694978875290172,37.93096568399116
20.4,32.384408145428104,32.24274800178258,32.52606828907363,0.07224947953278464,32.384408145428104,26.766449508455345,38.00236678240086
20.5,32.45584401121553,32.31554324750534,32.596144774925726,0.07155616883658351,32.45584401121553,26.837919487449053,38.07376853498201
20.6,32.52727987700297,32.38832533448458,32.66623441952136,0.07086956936025698,32.52727987700297,26.909388812259397,38.14517094174654
20.700000000000003,32.598715742790404,32.46109387656207,32.73633760901874,0.0701898780521391,32.598715742790404,26.98085748287468,38.216574002706125
20.8,32.67015160857784,32.533848476439644,32.806454740716035,0.069517297542175,32.67015160857784,27.05232549928344,38.28797771787224
20.9,32.74158747436527,32.6065887255339,32.87658622319663,0.06885203621598766,32.74158747436527,27.123792861474442,38.359382087256094
21,32.813023340152704,32.6793142038522,32.94673247645321,0.06819430827814965,32.813023340152704,27.195259569436693,38.430787110868714
21.1,32.88445920594014,32.752024479892704,33.016893931987575,0.06754433380314144,32.88445920594014,27.26672562315941,38.50219278872087
21.200000000000003,32.955895071727575,32.82471911057184,33.08707103288331,0.06690233877236529,32.955895071727575,27.338191022632046,38.573599120823104
21.3,33.027330937515,32.89739764118245,33.157264233847556,0.06626855509547286,33.027330937515,27.409655767844278,38.64500610718573
21.4,33.09876680330243,32.97005960538641,33.227474001218454,0.06564322061415301,33.09876680330243,27.481119858786023,38.71641374781884
21.5,33.17020266908987,33.0427045252454,33.29770081293434,0.06502657908641858,33.17020266908987,27.55258329544742,38.787822042732316
21.6,33.2416385348773,33.11533191129399,33.367945158460614,0.06441888014932727,33.2416385348773,27.624046077818836,38.85923099193577
21.700000000000003,33.31307440066474,33.18794126265931,33.43820753867017,0.06382037925797512,33.31307440066474,27.695508205890864,38.93064059543862
21.8,33.38451026645217,33.260532067231516,33.50848846567282,0.0632313375985154,33.38451026645217,27.766969679654316,39.00205085325002
21.9,33.4559461322396,33.3331038018899,33.57878846258931,0.06265202197288067,33.4559461322396,27.838430499100262,39.073461765378944
22,33.52738199802704,33.405655932788996,33.64910806326508,0.062082704652829564,33.52738199802704,27.909890664219972,39.144873331834106
22.1,33.598817863814475,33.47818791570968,33.71944781191927,0.061523663200900684,33.598817863814475,27.98135017500496,39.21628555262399
22.200000000000003,33.6702537296019,33.55069919647984,33.789808262723966,0.060975180255842684,33.6702537296019,28.052809031446948,39.28769842775686
22.3,33.74168959538934,33.62318921146952,33.860189979309155,0.06043754328010369,33.74168959538934,28.12426723353793,39.35911195724075
22.4,33.81312546117677,33.695657388165024,33.93059353418851,0.059911044267009377,33.81312546117677,28.195724781270066,39.43052614108347
22.5,33.8845613269642,33.768103145826586,34.00101950810182,0.05939597940534322,33.8845613269642,28.26718167463581,39.5019409792926
22.6,33.95599719275164,33.84052589623381,34.07146848926947,0.05889264869916793,33.95599719275164,28.338637913627803,39.57335647187548
22.700000000000003,34.027433058539074,33.91292504452269,34.14194107255546,0.05840135554089911,34.027433058539074,28.41009349823892,39.64477261883923
22.8,34.0988689243265,33.985299990117866,34.21243785853514,0.05792240623586576,34.0988689243265,28.481548428462265,39.716189420190744
22.9,34.17030479011394,34.05765012776287,34.28295945246501,0.057456109476869965,34.17030479011394,28.553002704291192,39.78760687593669
23,34.241740655901374,34.12997484865058,34.353506463152165,0.05700277576759504,34.241740655901374,28.624456325719255,39.8590249860835
23.1,34.31317652168881,34.20227354165559,34.42407950172203,0.0565627167941094,34.31317652168881,28.695909292740254,39.930443750637366
23.200000000000003,34.38461238747624,34.27454559466881,34.49467918028367,0.05613624474417381,34.38461238747624,28.7673616053482,40.00186316960428
23.3,34.456048253263674,34.346790396033995,34.56530611049335,0.055723671574584806,34.456048253263674,28.83881326353736,40.07328324298999
23.4,34.5274841190511,34.419007336084576,34.63596090201763,0.055325308227373214,34.5274841190511,28.910264267302203,40.1447039708
23.5,34.59891998483854,34.49119580877785,34.706644160899224,0.05494146379632381,34.59891998483854,28.98171461663745,40.21612535303963
23.6,34.670355850625974,34.56335521342236,34.777356487829586,0.054572444645983376,34.670355850625974,29.053164311538033,40.287547389713914
23.700000000000003,34.74179171641341,34.635484956492675,34.848098476334144,0.05421855348607459,34.74179171641341,29.12461335199912,40.3589700808277
23.8,34.81322758220084,34.70758445352438,34.91887071087729,0.05388008840502208,34.81322758220084,29.196061738016095,40.430393426385585
23.9,34.884663447988274,34.77965313108039,34.98967376489616,0.05355734186711388,34.884663447988274,29.267509469584596,40.50181742639195
24,34.95609931377571,34.85169042877793,35.06050819877349,0.0532505996786522,34.95609931377571,29.338956546700473,40.573242080850946
24.1,35.02753517956314,34.92369580136438,35.131374557761895,0.05296013992927595,35.02753517956314,29.410402969359797,40.644667389766475
24.200000000000003,35.098971045350574,34.99566872082799,35.202273369873154,0.05268623191544595,35.098971045350574,29.48184873755889,40.716093353142256
24.3,35.17040691113801,35.06760867852834,35.27320514374768,0.0524291350538522,35.17040691113801,29.553293851294292,40.78751997098173
24.4,35.24184277692544,35.13951518732998,35.3441703665209,0.05218909779321006,35.24184277692544,29.62473831056276,40.85894724328812
24.5,35.31327864271287,35.2113877837215,35.41516950170425,0.051966356533536796,35.31327864271287,29.696182115361296,40.93037517006445
24.6,35.38471450850031,35.283226029900895,35.48620298709972,0.051761134562520295,35.38471450850031,29.767625265687126,41.00180375131349
24.700000000000003,35.456150374287745,35.35502951580797,35.55727123276752,0.051573641018986184,35.456150374287745,29.839067761537702,41.073232987037784
24.8,35.52758624007517,35.4267978610834,35.628374619066946,0.05140406989371977,35.52758624007517,29.9105096029107,41.14466287723965
24.9,35.59902210586261,35.49853071693434,35.69951349479088,0.05125259907798678,35.59902210586261,29.981950789804046,41.21609342192117
25,35.670457971650045,35.57022776788634,35.77068817541375,0.051119389470009574,35.670457971650045,30.05339132221587,41.28752462108422
25.1,35.74189383743747,35.64188873340205,35.8418989414729,0.05100458414938261,35.74189383743747,30.124831200144534,41.35895647473041
25.200000000000003,35.81332970322491,35.71351336934814,35.913146037101676,0.05090830762894822,35.81332970322491,30.196270423588654,41.43038898286116
25.3,35.884765569012345,35.78510146929283,35.984429668731856,0.05083066519300191,35.884765569012345,30.267708992547046,41.50182214547765
25.4,35.95620143479977,35.856652865618486,36.05575000398106,0.05077174232986036,35.95620143479977,30.33914690701876,41.57325596258079
25.5,36.02763730058721,35.92816743043537,36.127107170739045,0.05073160426581899,36.02763730058721,30.410584167003087,41.64469043417133
25.6,36.099073166374644,35.999645076285155,36.198501256464134,0.050710295606364246,36.099073166374644,30.482020772499546,41.71612556024974
25.700000000000003,36.17050903216208,36.07108575662509,36.26993230769907,0.05070784008921378,36.17050903216208,30.553456723507864,41.787561340816296
25.8,36.24194489794951,36.142489466086765,36.34140032981225,0.05072424045236122,36.24194489794951,30.624892020028014,41.858997775871
25.9,36.313380763736944,36.21385624050601,36.41290528696788,0.0507594784188322,36.313380763736944,30.6963266620602,41.93043486541369
26,36.38481662952437,36.285186156723505,36.48444710232524,0.05081351479834944,36.38481662952437,30.76776064960485,42.00187260944389
26.1,36.45625249531181,36.35647933215886,36.556025658464755,0.0508862897045905,36.45625249531181,30.83919398266262,42.073311007960996
26.2,36.527688361099244,36.42773592416345,36.62764079803504,0.050977722885238795,36.527688361099244,30.910626661234396,42.14475006096409
26.3,36.59912422688668,36.4989561291604,36.69929232461296,0.05108771416060947,36.59912422688668,30.98205868532129,42.21618976845207
26.400000000000002,36.67056009267411,36.570140181582524,36.77098000376569,0.051216143965309664,36.67056009267411,31.05349005492464,42.28763013042358
26.5,36.741995958461544,36.641288352621565,36.84270356430152,0.05136287398619518,36.741995958461544,31.12492077004603,42.359071146877056
26.6,36.81343182424898,36.712400948803705,36.914462699694255,0.05152774788883612,36.81343182424898,31.19635083068725,42.43051281781071
26.7,36.88486769003641,36.783478310408675,36.98625706966414,0.05171059212382311,36.88486769003641,31.26778023685033,42.50195514322249
26.8,36.956303555823844,36.854520809750674,37.05808630189701,0.051911216803544394,36.956303555823844,31.339208988537536,42.57339812311015
26.900000000000002,37.02773942161128,36.92552884934044,37.12994999388212,0.05212941663955231,37.02773942161128,31.410637085751347,42.64484175747121
27,37.09917528739871,36.99650285994854,37.201847714848874,0.052364971930315474,37.09917528739871,31.482064528494476,42.71628604630294
27.1,37.170611153186144,37.06744329859021,37.273779007782075,0.05261764958901788,37.170611153186144,31.55349131676988,42.78773098960241
27.2,37.24204701897358,37.13835064645176,37.3457433914954,0.05288720420110964,37.24204701897358,31.62491745058072,42.85917658736644
27.3,37.313482884761015,37.20922540677847,37.41774036274356,0.053173379101523324,37.313482884761015,31.696342929930402,42.93062283959163
27.400000000000002,37.384918750548444,37.28006810274302,37.489769398353864,0.05347590746182823,37.384918750548444,31.76776775482255,43.00206974627434
27.5,37.45635461633588,37.35087927531252,37.56182995735924,0.05379451337808499,37.45635461633588,31.839191925261037,43.07351730741072
27.6,37.527790482123315,37.4216594811311,37.63392148311553,0.054128912950761957,37.527790482123315,31.91061544124994,43.144965522996685
27.7,37.599226347910744,37.49240929043365,37.70604340538784,0.05447881534876301,37.599226347910744,31.982038302793576,43.21641439302791
27.8,37.67066221369818,37.56312928500487,37.77819514239149,0.05484392385037124,37.67066221369818,32.053460509896496,43.28786391749986
27.900000000000002,37.742098079485615,37.63382005619605,37.85037610277518,0.055223936854712496,37.742098079485615,32.12488206256347,43.35931409640776
28,37.81353394527304,37.70448220301062,37.92258568753547,0.0556185488581685,37.81353394527304,32.1963029607995,43.43076492974659
28.1,37.88496981106048,37.77511633026772,37.99482329185324,0.05602745139100058,37.88496981106048,32.26772320460982,43.502216417511136
28.2,37.956405676847915,37.845723046851425,38.067088306844404,0.05645033391026698,37.956405676847915,32.33914279399989,43.57366855969594
28.3,38.02784154263534,37.916302964051816,38.13938012121887,0.05688688464591462,38.02784154263534,32.41056172897539,43.6451213562953
28.400000000000002,38.09927740842278,37.98685669400249,38.21169812284307,0.0573367913976864,38.09927740842278,32.481980009542255,43.7165748073033
28.5,38.170713274210215,38.0573848482177,38.28404170020273,0.05779974228120108,38.170713274210215,32.55339763570662,43.78802891271381
28.6,38.24214913999765,38.12788803623108,38.35641024376422,0.058275426422223414,38.24214913999765,32.62481460747485,43.85948367252045
28.7,38.31358500578508,38.19836686433675,38.42880314723341,0.05876353459874529,38.31358500578508,32.69623092485356,43.9309390867166
28.8,38.385020871572515,38.26882193443236,38.50121980871267,0.05926375983103964,38.385020871572515,32.76764658784959,44.00239515529544
28.900000000000002,38.45645673735995,38.339253842962954,38.57365963175695,0.05977579792032568,38.45645673735995,32.83906159646999,44.07385187824991
29,38.52789260314738,38.409663179963445,38.64612202633131,0.060299347937099,38.52789260314738,32.91047595072203,44.14530925557273
29.1,38.599328468934814,38.48005052819715,38.71860640967248,0.06083411266053193,38.599328468934814,32.98188965061327,44.21676728725636
29.200000000000003,38.67076433472225,38.5504164623868,38.7911122070577,0.061379798970642684,38.67076433472225,33.05330269615143,44.28822597329307
29.3,38.74220020050968,38.620761548534446,38.86363885248491,0.06193611819516924,38.74220020050968,33.12471508734447,44.35968531367489
29.400000000000002,38.813636066297114,38.69108634332601,38.936185789268215,0.06250278641326876,38.813636066297114,33.196126824200626,44.4311453083936
29.5,38.88507193208455,38.76139139361602,39.00875247055308,0.06307952471830032,38.88507193208455,33.267537906728315,44.502605957440785
29.6,38.956507797871986,38.83167723598798,39.08133835975599,0.06366605944204402,38.956507797871986,33.3389483349362,44.57406726080777
29.700000000000003,39.027943663659414,38.901944396385645,39.153942930933184,0.0642621223427639,39.027943663659414,33.41035810883315,44.64552921848568
29.8,39.09937952944685,38.97219338981042,39.22656566908328,0.06486745075954561,39.09937952944685,33.48176722842831,44.71699183046539
29.900000000000002,39.170815395234285,39.0424247200801,39.29920607038847,0.0654817877353318,39.170815395234285,33.55317569373102,44.78845509673755
30,39.242251261021714,39.11263887964433,39.3718636423991,0.06610488211104587,39.242251261021714,33.62458350475084,44.85991901729259
30.1,39.31368712680915,39.18283634945217,39.44453790416613,0.06673648859314332,39.31368712680915,33.69599066149758,44.93138359212072
30.200000000000003,39.385122992596585,39.253017598867274,39.5172283863259,0.06737636779685795,39.385122992596585,33.76739716398128,45.00284882121189
30.3,39.456558858384014,39.323183085626496,39.58993463114153,0.06802428626732847,39.456558858384014,33.83880301221218,45.074314704555846
30.400000000000002,39.52799472417145,39.393333255837724,39.662656192505175,0.06868001648069605,39.52799472417145,33.910208206200785,45.145781242142114
30.5,39.599430589958885,39.463468544013104,39.73539263590467,0.0693433368271614,39.599430589958885,33.981612745957804,45.217248433959966
30.6,39.670866455746314,39.533589373133914,39.80814353835871,0.07001403157788366,39.670866455746314,34.05301663149418,45.28871627999845
30.700000000000003,39.74230232153375,39.60369615474374,39.88090848832376,0.0706918908374919,39.74230232153375,34.12441986282109,45.360184780246406
30.8,39.813738187321185,39.67378928906647,39.9536870855759,0.07137671048386934,39.813738187321185,34.195822439949936,45.431653934692434
30.900000000000002,39.88517405310862,39.74386916514633,40.02647894107091,0.07206829209675769,39.88517405310862,34.26722436289234,45.5031237433249
31,39.95660991889605,39.81393616100693,40.09928367678517,0.07276644287661943,39.95660991889605,34.33862563166016,45.57459420613194
31.1,40.028045784683485,39.8839906438269,40.17210092554007,0.07347097555508778,40.028045784683485,34.41002624626549,45.64606532310148
31.200000000000003,40.09948165047092,39.95403297012951,40.24493033081233,0.07418170829822904,40.09948165047092,34.481426206720634,45.71753709422121
31.3,40.17091751625835,40.02406348598426,40.31777154653244,0.07489846460374223,40.17091751625835,34.55282551303814,45.78900951947856
31.400000000000002,40.242353382045785,40.094082527218305,40.390624236873265,0.07562107319312367,40.242353382045785,34.62422416523078,45.86048259886079
31.5,40.31378924783322,40.16409041963595,40.463488076030494,0.07634936789973283,40.31378924783322,34.69562216331154,45.9319563323549
31.6,40.38522511362065,40.234087479244415,40.53636274799688,0.07708318755360988,40.38522511362065,34.76701950729366,46.00343071994764
31.700000000000003,40.456660979408085,40.30407401248466,40.60924794633151,0.07782237586381238,40.456660979408085,34.8384161971906,46.07490576162557
31.8,40.52809684519552,40.37405031646548,40.68214337392556,0.07856678129896393,40.52809684519552,34.90981223301603,46.146381457375014
31.900000000000002,40.599532710982956,40.444016679200054,40.75504874276586,0.07931625696663468,40.599532710982956,34.981207614783855,46.21785780718206
32,40.670968576770385,40.51397337984365,40.82796377369712,0.08007066049210824,40.670968576770385,35.05260234250822,46.289334811032546
32.1,40.74240444255782,40.583920688931556,40.900888196184084,0.08082985389702843,40.74240444255782,35.123996416203504,46.36081246891214
32.2,40.813840308345256,40.65385886861641,40.9738217480741,0.08159370347836105,40.813840308345256,35.195389835884285,46.43229078080623
32.3,40.885276174132684,40.723788172904115,41.046764175361254,0.08236207968805608,40.885276174132684,35.266782601565396,46.50376974669997
32.400000000000006,40.95671203992012,40.79370884788781,41.11971523195243,0.08313485701374579,40.95671203992012,35.338174713261886,46.575249366578355
32.5,41.02814790570755,40.863621131979116,41.19267467943598,0.08391191386077099,41.02814790570755,35.409566170989024,46.646729640426074
32.6,41.099583771494984,40.93352525613642,41.26564228685355,0.08469313243578963,41.099583771494984,35.48095697476233,46.71821056822764
32.7,41.17101963728242,41.0034214440895,41.33861783047534,0.08547839863218194,41.17101963728242,35.55234712459753,46.78969214996731
32.8,41.24245550306985,41.07330991256032,41.41160109357938,0.08626760191743739,41.24245550306985,35.62373662051059,46.861174385629106
32.900000000000006,41.31389136885729,41.14319087147975,41.48459186623483,0.08706063522267662,41.31389136885729,35.69512546251771,46.932657275196874
33,41.38532723464472,41.213064524199595,41.557589945089845,0.08785739483443444,41.38532723464472,35.766513650635275,47.004140818654164
33.1,41.456763100432156,41.282931067700254,41.63059513316406,0.08865778028880891,41.456763100432156,35.83790118487996,47.07562501598435
33.2,41.52819896621959,41.352790692793434,41.70360723964575,0.08946169426805516,41.52819896621959,35.90928806526863,47.14710986717055
33.3,41.59963483200702,41.42264358431994,41.7766260796941,0.09026904249968797,41.59963483200702,35.98067429181838,47.21859537219566
33.400000000000006,41.671070697794455,41.492489921342596,41.849651474246315,0.09107973365813737,41.671070697794455,36.05205986454655,47.29008153104236
33.5,41.742506563581884,41.56232987733388,41.92268324982989,0.09189367926898587,41.742506563581884,36.12344478347068,47.36156834369309
33.6,41.81394242936932,41.63216362035872,41.99572123837992,0.09271079361580561,41.81394242936932,36.194829048608575,47.433055810130064
33.7,41.885378295156755,41.70199131325195,42.06876527706156,0.09353099364959734,41.885378295156755,36.26621265997823,47.50454393033528
33.8,41.956814160944184,41.77181311379084,42.141815208097526,0.09435419890082672,41.956814160944184,36.33759561759788,47.57603270429049
33.900000000000006,42.02825002673163,41.84162917486251,42.21487087860074,0.09518033139404274,42.02825002673163,36.40897792148601,47.64752213197724
34,42.099685892519055,41.91143964462626,42.28793214041185,0.09600931556505364,42.099685892519055,36.48035957166129,47.71901221337682
34.1,42.17112175830649,41.9812446666711,42.36099884994188,0.0968410781806335,42.17112175830649,36.55174056814266,47.79050294847032
34.2,42.242557624093926,42.05104438016821,42.434070868019646,0.0976755482607205,42.242557624093926,36.62312091094926,47.86199433723859
34.3,42.313993489881355,42.120838920018684,42.507148059744026,0.09851265700306913,42.313993489881355,36.69450060010046,47.93348637966225
34.400000000000006,42.38542935566879,42.19062841699664,42.58023029434094,0.09935233771031071,42.38542935566879,36.76587963561588,48.0049790757217
34.5,42.45686522145622,42.26041299788746,42.65331744502498,0.10019452571937319,42.45686522145622,36.83725801751534,48.0764724253971
34.6,42.528301087243655,42.33019278562177,42.72640938886554,0.10103915833321213,42.528301087243655,36.90863574581889,48.14796642866842
34.7,42.59973695303109,42.39996789940479,42.79950600665739,0.1018861747547965,42.59973695303109,36.98001282054683,48.21946108551535
34.8,42.67117281881852,42.469738454841504,42.872607182795534,0.10273551602329738,42.67117281881852,37.05138924171967,48.29095639591737
34.900000000000006,42.74260868460596,42.53950456405755,42.94571280515437,0.1035871249524222,42.74260868460596,37.12276500935815,48.362452359853776
35,42.81404455039339,42.60926633581601,43.01882276497077,0.10444094607083707,42.81404455039339,37.19414012348321,48.43394897730357
35.1,42.885480416180826,42.67902387563028,43.091936956731374,0.1052969255646219,42.885480416180826,37.265514584116076,48.505446248245576
35.2,42.956916281968255,42.74877728587301,43.1650552780635,0.10615501122169786,42.956916281968255,37.33688839127815,48.57694417265836
35.3,43.02835214775569,42.818526665881315,43.238177629630066,0.10701515237817175,43.02835214775569,37.40826154499109,48.64844275052029
35.400000000000006,43.099788013543126,42.888272112058324,43.31130391502793,0.1078772998665387,43.099788013543126,37.47963404527677,48.719941981809484
35.5,43.171223879330554,42.95801371797119,43.38443404068992,0.10874140596568597,43.171223879330554,37.55100589215728,48.79144186650383
35.6,43.24265974511799,43.027751574445766,43.457567915790214,0.10960742435264323,43.24265974511799,37.62237708565496,48.86294240458102
35.7,43.314095610905426,43.09748576965781,43.53070545215304,0.11047531005602085,43.314095610905426,37.69374762579236,48.93444359601849
35.8,43.385531476692854,43.16721638922112,43.60384656416459,0.11134501941108418,43.385531476692854,37.76511751259226,49.00594544079345
35.900000000000006,43.4569673424803,43.236943516272525,43.67699116868807,0.11221651001640874,43.4569673424803,37.83648674607768,49.07744793888291
36,43.528403208267726,43.30666723155383,43.75013918498162,0.11308974069206293,43.528403208267726,37.90785532627184,49.14895109026361
36.1,43.59983907405516,43.376387613491,43.823290534619325,0.11396467143926917,43.59983907405516,37.979223253198214,49.22045489491211
36.2,43.67127493984259,43.44610473827033,43.89644514141485,0.1148412634014898,43.67127493984259,38.05059052688048,49.2919593528047
36.3,43.74271080563002,43.515818679912165,43.96960293134787,0.11571947882689149,43.74271080563002,38.121957147342556,49.36346446391748
36.400000000000006,43.81414667141746,43.58552951034183,44.042763832493094,0.11659928103213885,43.81414667141746,38.193323114608596,49.43497022822633
36.5,43.88558253720489,43.65523729945808,44.1159277749517,0.1174806343674702,43.88558253720489,38.264688428702954,49.506476645706826
36.6,43.957018402992325,43.72494211519922,44.18909469078543,0.11836350418301247,43.957018402992325,38.33605308965023,49.57798371633442
36.7,44.02845426877976,43.79464402360675,44.26226451395277,0.1192478567962882,44.02845426877976,38.407417097475246,49.649491440084276
36.8,44.09989013456719,43.86434308888685,44.33543718024753,0.12013365946087438,44.09989013456719,38.47878045220305,49.72099981693133
36.900000000000006,44.171326000354625,43.93403937346965,44.4086126272396,0.1210208803361713,44.171326000354625,38.55014315385892,49.79250884685033
37,44.24276186614206,44.0037329380664,44.48179079421772,0.12190948845823969,44.24276186614206,38.62150520246834,49.86401852981578
37.1,44.31419773192949,44.073423841724605,44.554971622134374,0.12279945371167057,44.31419773192949,38.69286659805705,49.93552886580193
37.2,44.385633597716925,44.14311214188131,44.62815505355254,0.12369074680244689,44.385633597716925,38.76422734065101,50.00703985478284
37.3,44.457069463504354,44.21279789441434,44.70134103259437,0.12458333923176307,44.457069463504354,38.835587430276384,50.078551496732324
37.400000000000006,44.5285053292918,44.2824811536919,44.774529504891696,0.12547720327076695,44.5285053292918,38.90694686695959,50.150063791624
37.5,44.599941195079225,44.35216197262028,44.84772041753817,0.12637231193618884,44.599941195079225,38.97830565072725,50.2215767394312
37.6,44.67137706086666,44.421840402690044,44.92091371904328,0.1272686389668276,44.67137706086666,39.04966378160623,50.293090340127094
37.7,44.742812926654096,44.49151649402048,44.99410935928771,0.12816615880086,44.742812926654096,39.121021259623596,50.3646045936846
37.8,44.814248792441525,44.56119029540249,45.06730728948056,0.1290648465539438,44.814248792441525,39.19237808480667,50.43611950007638
37.900000000000006,44.88568465822896,44.63086185434013,45.14050746211779,0.1299646779980858,44.88568465822896,39.26373425718299,50.50763505927493
38,44.957120524016396,44.70053121709049,45.2137098309423,0.13086562954124514,44.957120524016396,39.335089776780315,50.57915127125248
38.1,45.028556389803825,44.770198428702365,45.286914350905285,0.13176767820764684,45.028556389803825,39.40644464362662,50.65066813598103
38.2,45.09999225559126,44.83986353305349,45.36012097812903,0.13267080161877662,45.09999225559126,39.47779885775014,50.72218565343238
38.3,45.17142812137869,44.909526572886506,45.43332966987087,0.13357497797503404,45.17142812137869,39.549152419179286,50.79370382357809
38.400000000000006,45.24286398716613,44.97918758984375,45.50654038448852,0.13448018603801884,45.24286398716613,39.62050532794276,50.865222646389505
38.5,45.31429985295356,45.04884662450067,45.57975308140645,0.13538640511342598,45.31429985295356,39.6918575840694,50.93674212183772
38.6,45.385735718740996,45.118503716398365,45.65296772108363,0.13629361503452944,45.385735718740996,39.763209187588366,51.008262249893626
38.7,45.45717158452843,45.18815890407474,45.72618426498212,0.1372017961462297,45.45717158452843,39.83456013852898,51.079783030527885
38.8,45.52860745031586,45.25781222509476,45.79940267553696,0.138110929289647,45.52860745031586,39.905910436920806,51.151304463710915
38.900000000000006,45.600043316103296,45.32746371607964,45.87262291612695,0.13902099578723875,45.600043316103296,39.977260082793634,51.22282654941296
39,45.671479181890724,45.39711341273502,45.94584495104643,0.13993197742842148,45.671479181890724,40.04860907617749,51.29434928760396
39.1,45.74291504767816,45.466761349878205,46.019068745478116,0.14084385645568046,45.74291504767816,40.11995741710261,51.36587267825371
39.2,45.814350913465596,45.53640756146448,46.09229426546671,0.14175661555114683,45.814350913465596,40.191305105599476,51.437396721331716
39.3,45.885786779253024,45.606052080612535,46.16552147789351,0.14267023782362667,45.885786779253024,40.26265214169875,51.5089214168073
39.400000000000006,45.95722264504047,45.675694939629096,46.23875035045184,0.14358470679606528,45.95722264504047,40.33399852543138,51.58044676464955
39.5,46.028658510827896,45.74533617003258,46.31198085162321,0.14450000639342922,46.028658510827896,40.405344256828485,51.651972764827306
39.6,46.10009437661533,45.81497580257617,46.38521295065449,0.1454161209309938,46.10009437661533,40.476689335921456,51.723499417309206
39.7,46.17153024240277,45.88461386726996,46.45844661753557,0.1463330351030176,46.17153024240277,40.548033762741866,51.79502672206367
39.8,46.242966108190195,45.95425039340242,46.53168182297797,0.1472507339717931,46.242966108190195,40.61937753732154,51.86655467905885
39.900000000000006,46.31440197397763,46.02388540956121,46.60491853839405,0.14816920295705813,46.31440197397763,40.69072065969252,51.93808328826274
40,46.38583783976506,46.09351894365318,46.67815673587694,0.14908842782575443,46.38583783976506,40.762063129887075,52.009612549643045
40.1,46.457273705552495,46.163151022923884,46.75139638818111,0.1500083946821236,46.457273705552495,40.833404947937694,52.081142463167296
40.2,46.52870957133993,46.23278167397627,46.82463746870359,0.15092908995812437,46.52870957133993,40.9047461138771,52.15267302880276
40.3,46.60014543712736,46.30241092278893,46.89787995146579,0.15185050040416284,46.60014543712736,40.976086627738226,52.22420424651649
40.400000000000006,46.6715813029148,46.37203879473367,46.971123811095936,0.15277261308012313,46.6715813029148,41.047426489554255,52.29573611627535
40.5,46.74301716870223,46.44166531459247,47.04436902281199,0.1536954153466868,46.74301716870223,41.11876569935855,52.367268638045914
40.6,46.81445303448967,46.51129050657407,47.11761556240526,0.15461889485693334,46.81445303448967,41.19010425718475,52.43880181179458
40.7,46.8858889002771,46.58091439432981,47.190863406224395,0.1555430395482083,46.8858889002771,41.26144216306668,52.51033563748752
40.8,46.95732476606453,46.65053700096908,47.26411253115998,0.1564678376342525,46.95732476606453,41.33277941703841,52.58187011509065
40.900000000000006,47.028760631851966,46.72015834907434,47.337362914629594,0.1573932775975817,47.028760631851966,41.40411601913422,52.65340524456971
41,47.100196497639395,46.78977846071547,47.41061453456332,0.158319348182107,47.100196497639395,41.47545196938864,52.72494102589015
41.1,47.17163236342683,46.85939735746388,47.483867369389785,0.15924603838599036,47.17163236342683,41.546787267836386,52.796477459017275
41.2,47.243068229214266,46.92901506040601,47.557121398022524,0.16017333745472329,47.243068229214266,41.618121914512436,52.8680145439161
41.3,47.314504095001695,46.998631590156506,47.63037659984688,0.16110123487442368,47.314504095001695,41.689455909451965,52.939552280551425
41.400000000000006,47.38593996078914,47.068246966870994,47.70363295470728,0.1620297203653425,47.38593996078914,41.76078925269039,53.01109066888789
41.5,47.457375826576566,47.13786121025829,47.77689044289484,0.1629587838755713,47.457375826576566,41.83212194426333,53.082629708889804
41.6,47.528811692364,47.2074743395925,47.8501490451355,0.16388841557494693,47.528811692364,41.90345398420665,53.154169400521354
41.7,47.60024755815143,47.2770863737245,47.92340874257836,0.16481860584914285,47.60024755815143,41.974785372556426,53.225709743746435
41.8,47.671683423938866,47.34669733109322,47.996669516784515,0.16574934529394353,47.671683423938866,42.046116109348965,53.29725073852877
41.900000000000006,47.7431192897263,47.416307229736496,48.06993134971611,0.16668062470969455,47.7431192897263,42.1174461946208,53.368792384831806
42,47.81455515551373,47.485916087301625,48.143194223725835,0.1676124350959211,47.81455515551373,42.18877562840866,53.4403346826188
42.1,47.885991021301166,47.555523921055624,48.21645812154671,0.16854476764611223,47.885991021301166,42.260104410749555,53.51187763185278
42.2,47.9574268870886,47.625130747895085,48.28972302628212,0.16947761374266163,47.9574268870886,42.33143254168066,53.58342123249654
42.300000000000004,48.02886275287604,47.69473658435585,48.36298892139622,0.17041096495196228,48.02886275287604,42.40276002123941,53.654965484512665
42.4,48.100298618663466,47.76434144662233,48.4362557907046,0.17134481301964832,48.100298618663466,42.474086849463426,53.726510387863506
42.5,48.1717344844509,47.83394535053654,48.509523618365264,0.17227914986598014,48.1717344844509,42.545413026390605,53.7980559425112
42.6,48.24317035023834,47.90354831160687,48.582792388869805,0.17321396758136653,48.24317035023834,42.61673855205902,53.869602148417655
42.7,48.314606216025766,47.97315034501662,48.65606208703491,0.17414925842202086,48.314606216025766,42.688063426506986,53.941149005544546
42.800000000000004,48.3860420818132,48.042751465632286,48.72933269799412,0.1750850148057456,48.3860420818132,42.75938764977305,54.01269651385335
42.9,48.45747794760063,48.11235168801152,48.80260420718974,0.17602122930784156,48.45747794760063,42.83071122189597,54.08424467330529
43,48.528913813388066,48.18195102641098,48.87587660036515,0.17695789465713757,48.528913813388066,42.90203414291474,54.155793483861395
43.1,48.6003496791755,48.251549494793835,48.94914986355717,0.17789500373213607,48.6003496791755,42.97335641286854,54.22734294548246
43.2,48.67178554496294,48.32114710683713,49.02242398308874,0.1788325495572718,48.67178554496294,43.04467803179683,54.298893058129046
43.300000000000004,48.74322141075037,48.39074387593892,49.09569894556183,0.17977052529927892,48.74322141075037,43.11599899973924,54.370443821761505
43.4,48.8146572765378,48.460339815225126,49.168974737850476,0.1807089242636636,48.8146572765378,43.18731931673565,54.44199523633995
43.5,48.88609314232524,48.529934937556355,49.24225134709412,0.18164773989127866,48.88609314232524,43.25863898282617,54.5135473018243
43.6,48.957529008112665,48.5995292555343,49.31552876069103,0.18258696575499575,48.957529008112665,43.3299579980511,54.58510001817423
43.7,49.0289648739001,48.66912278150819,49.38880696629201,0.18352659555647408,49.0289648739001,43.40127636245101,54.656653385349195
43.800000000000004,49.10040073968754,48.73871552758087,49.4620859517942,0.18446662312302048,49.10040073968754,43.472594076066635,54.72820740330844
43.9,49.171836605474965,48.808307505614806,49.535365705335124,0.18540704240453912,49.171836605474965,43.54391113893898,54.79976207201095
44,49.2432724712624,48.87789872723791,49.60864621528689,0.1863478474705676,49.2432724712624,43.61522755110926,54.871317391415545
44.1,49.31470833704984,48.94748920384917,49.6819274702505,0.1872890325073963,49.31470833704984,43.68654331261889,54.942873361480785
44.2,49.38614420283727,49.017078946624146,49.7552094590504,0.18823059181526902,49.38614420283727,43.75785842350953,55.01442998216501
44.300000000000004,49.45758006862471,49.08666796652029,49.82849217072913,0.18917251980566188,49.45758006862471,43.82917288382307,55.085987253426346
44.4,49.529015934412136,49.156256274282164,49.90177559454211,0.19011481099863808,49.529015934412136,43.900486693601586,55.15754517522269
44.5,49.60045180019957,49.22584388044647,49.975059719952675,0.19105746002027638,49.60045180019957,43.971799852887415,55.22910374751173
44.6,49.671887665987,49.295430795346924,50.04834453662708,0.19200046160017006,49.671887665987,44.04311236172309,55.30066297025091
44.7,49.743323531774436,49.36501702911907,50.1216300344298,0.19294381056899573,49.743323531774436,44.114424220151385,55.37222284339749
44.800000000000004,49.81475939756187,49.43460259170489,50.194916203418856,0.19388750185614823,49.81475939756187,44.185735428215274,55.44378336690847
44.9,49.8861952633493,49.504187492857284,50.26820303384132,0.19483153048744056,49.8861952633493,44.25704598595796,55.51534454074064
45,49.957631129136736,49.57377174214456,50.341490516128914,0.19577589158286665,49.957631129136736,44.32835589342289,55.586906364850584
45.1,50.02906699492417,49.643355348954564,50.41477864089378,0.19672058035442425,50.02906699492417,44.3996651506537,55.65846883919464
45.2,50.10050286071161,49.71293832249894,50.48806739892427,0.1976655921039974,50.10050286071161,44.470973757694274,55.73003196372894
45.300000000000004,50.171938726499036,49.78252067181712,50.561356781180955,0.19861092222129556,50.171938726499036,44.54228171458868,55.80159573840939
45.4,50.24337459228647,49.85210240578027,50.63464677879267,0.1995565661818482,50.24337459228647,44.61358902138126,55.873160163191685
45.5,50.3148104580739,49.92168353309512,50.70793738305268,0.20050251954505335,50.3148104580739,44.68489567811653,55.94472523803127
45.6,50.386246323861336,49.99126406230768,50.78122858541499,0.2014487779522772,50.386246323861336,44.75620168483926,56.01629096288341
45.7,50.45768218964877,50.060844001806856,50.85452037749069,0.20239533712500524,50.45768218964877,44.82750704159442,56.08785733770312
45.800000000000004,50.52911805543621,50.130423359828015,50.9278127510444,0.2033421928630416,50.52911805543621,44.898811748427214,56.1594243624452
45.9,50.600553921223636,50.20000214445639,51.00110569799088,0.2042893410427561,50.600553921223636,44.970115805383045,56.230992037064226
46,50.67198978701107,50.269580363630446,51.0743992103917,0.20523677761537745,50.67198978701107,45.04141921250757,56.30256036151457
46.1,50.74342565279851,50.33915802514512,51.1476932804519,0.2061844986053305,50.74342565279851,45.112721969846646,56.37412933575037
46.2,50.81486151858594,50.40873513665501,51.220987900516874,0.2071325001086175,50.81486151858594,45.18402407744635,56.44569895972553
46.300000000000004,50.88629738437337,50.47831170567747,51.29428306306927,0.20808077829124094,50.88629738437337,45.25532553535298,56.51726923339376
46.4,50.95773325016081,50.54788773959561,51.367578760726005,0.20902932938766736,50.95773325016081,45.32662634361307,56.58884015670854
46.5,51.029169115948235,50.617463245661234,51.44087498623524,0.2099781496993308,51.029169115948235,45.39792650227335,56.66041172962312
46.6,51.10060498173567,50.68703823099772,51.51417173247362,0.21092723559317436,51.10060498173567,45.4692260113808,56.731983952090545
46.7,51.17204084752311,50.756612702602766,51.58746899244345,0.21187658350022925,51.17204084752311,45.54052487098259,56.80355682406363
46.800000000000004,51.24347671331054,50.82618666735114,51.66076675926995,0.2128261899142303,51.24347671331054,45.611823081126126,56.87513034549496
46.9,51.31491257909797,50.89576013199729,51.73406502619865,0.21377605139026595,51.31491257909797,45.68312064185902,56.94670451633692
47,51.38634844488541,50.96533310317798,51.80736378659283,0.21472616454346344,51.38634844488541,45.75441755322914,57.018279336541674
47.1,51.45778431067284,51.03490558741476,51.88066303393092,0.21567652604770574,51.45778431067284,45.82571381528453,57.089854806061155
47.2,51.52922017646027,51.1044775911164,51.95396276180414,0.21662713263438188,51.52922017646027,45.897009428073474,57.16143092484707
47.300000000000004,51.60065604224771,51.17404912058136,52.027262963914055,0.2175779810911682,51.60065604224771,45.96830439164449,57.233007692850926
47.4,51.672091908035135,51.243620182,52.10056363407027,0.2185290682608394,51.672091908035135,46.03959870604628,57.30458511002399
47.5,51.74352777382257,51.31319078145699,52.17386476618815,0.21948039104011038,51.74352777382257,46.1108923713278,57.37616317631734
47.6,51.814963639610006,51.38276092493341,52.247166354286605,0.22043194637850516,51.814963639610006,46.18218538753821,57.4477418916818
47.7,51.88639950539744,51.45233061830897,52.320468392485914,0.2213837312772549,51.88639950539744,46.25347775472689,57.519321256068
47.800000000000004,51.95783537118488,51.521899867364105,52.39377087500565,0.22233574278822268,51.95783537118488,46.32476947294344,57.59090126942632
47.9,52.029271236972306,51.591468677782025,52.46707379616259,0.2232879780128542,52.029271236972306,46.39606054223766,57.66248193170695
48,52.10070710275974,51.661037055150764,52.54037715036872,0.22424043410115463,52.10070710275974,46.46735096265963,57.734063242859854
